Country,Education,Case Status,Gene1,Gene2,Gene3,Gene4,Gene5,Gene6,Gene7,Gene8,Gene9,Gene10,SNP1,SNP2,SNP3,SNP4,SNP5
United Kingdom,master,1,0.11999831879130388,0.6787952364085457,0.8529274038502391,0.6,0.6,0.6,0.9213948252057931,0.8218442989330885,-0.7872166646799077,-0.6667017543172522
United Kingdom,high_school,1,0.17658605483226963,0.5781225789550503,0.7947013564216692,0.05,0.05,0.05,0.9866304030175108,0.9273162332147904,0.6012568243038823,0.5698964091726999
United Kingdom,primary,1,0.2579360020628284,0.50746900156831,0.9833688377103658,0.28,0.28,0.28,0.9057806004323239,0.8916027607456186,-0.522415477210429,0.7450251062412008
United Kingdom,high_school,1,0.06856176100938019,0.6545729740830968,0.8694037666774987,0.39,0.39,0.39,0.9905419894979349,0.8484145962433539,-0.7303289656030854,-0.6059778483653755
United Kingdom,high_school,1,0.15471518520705593,0.5299222578422649,0.7145482988320756,0.07,0.07,0.07,0.9396546359066467,0.7703892051765013,-0.13384694426188948,0.1671760208309787
United Kingdom,phD,1,0.1751191456720818,0.6705748184916949,0.895264012097808,0.1,0.1,0.1,0.9001538607520271,0.8594483697037136,0.8176970317917125,-0.8508097545024027
United Kingdom,phD,1,0.28415985659301873,0.6656144690476611,0.9525312576001149,0.11,0.11,0.11,0.9357418622254854,0.794140567511933,0.24631053500541444,0.6412195571469868
United Kingdom,bachelor,1,0.009654416956880319,0.6750763578061236,0.9900765917938231,0.01,0.01,0.01,0.9190748641925199,0.8589416700414507,0.5677421443398576,-0.6651921884137042
United Kingdom,high_school,1,0.020683101079962175,0.5112188729302652,0.9830667287449053,0.05,0.05,0.05,0.9361558141026429,0.8041472008489289,-0.05089251384026294,-0.4693856220510877
United Kingdom,master,1,0.09602524779475013,0.5617591355776331,0.9775155591393325,0.17,0.17,0.17,0.9894825856528491,0.9797743448446296,-0.8338148658028408,0.3052765566634388
United Kingdom,phD,1,0.24752760541690505,0.5091964685959611,0.9391313262020715,0.3,0.3,0.3,0.9741588908620518,0.8517912972312905,-0.9786960615063127,-0.4833581134531777
United Kingdom,master,1,0.2529448763226024,0.5069036533965101,0.7085370411985537,0.46,0.46,0.46,0.9917313715298042,0.9805906918585199,0.9571517086264079,-0.42265544177070424
United Kingdom,master,0,0.040617353950439396,0.5866612318001827,0.9343368228055888,0.5,0.5,0.5,0.0,0.0,0.4234074231921463,-0.8868632416829383
United Kingdom,bachelor,0,0.2758620060130697,0.6188043083342631,0.8153255437662015,0.15,0.15,0.15,0.0,0.0,-0.7320539280579168,0.6270433197524221
United Kingdom,primary,0,0.15833080335629343,0.5073752765597791,0.8005528592332724,0.11,0.11,0.11,0.0,0.0,-0.24304437744552798,0.3442304473286424
United Kingdom,high_school,0,0.2903689780382792,0.6355805848891563,0.7322807062415193,0.44,0.44,0.44,0.0,0.0,-0.4711773276080078,0.24395605567875145
United Kingdom,bachelor,0,0.2803557979223696,0.5726415523613728,0.8277393061775499,0.38,0.38,0.38,0.0,0.0,-0.7469655177411698,-0.17718956261815788
United Kingdom,phD,0,0.027876433874593452,0.5280738560045662,0.795137492114576,0.39,0.39,0.39,0.0,0.0,-0.5088281385253481,-0.5202303394829879
United Kingdom,high_school,0,0.2923091673222645,0.6263415376357648,0.7741721886181501,0.12,0.12,0.12,0.0,0.0,-0.3660277703028283,-0.6363151632675139
United Kingdom,primary,0,0.14362331485832888,0.5865496540868478,0.9474905332718846,0.24,0.24,0.24,0.0,0.0,-0.3571710706663014,0.8813978449548086
United Kingdom,high_school,0,0.04683334187579919,0.5720811492295672,0.8407608195625431,0.39,0.39,0.39,0.0,0.0,-0.5639473101898027,0.5666695940774635
United Kingdom,high_school,0,0.13968255407504276,0.6907801749945546,0.9011775376680223,0.2,0.2,0.2,0.0,0.0,-0.03733583445814426,-0.5281845530746667
United Kingdom,high_school,0,0.022295921578076028,0.6152471431419805,0.7379486753574224,0.32,0.32,0.32,0.0,0.0,-0.9509939890262362,0.9058715564737465
United Kingdom,bachelor,0,0.22466235614522262,0.574229328251504,0.8919788925341735,0.27,0.27,0.27,0.0,0.0,-0.7790987137644212,0.5066007111953752
United Kingdom,master,0,0.16332676474600663,0.6087836019898227,0.9241785694637508,0.78,0.78,0.78,0.0,0.0,0.35087731390183463,0.7851074725222278
United Kingdom,primary,1,0.03281455509214939,0.6873234733928878,0.7970463286591117,0.5,0.5,0.5,0.983702638758994,0.9230148462929922,0.16142793753559337,-0.5439354049222043
United Kingdom,high_school,1,0.06790767908832683,0.5328776669750968,0.7373301064820186,0.6,0.6,0.6,0.9113850559023638,0.8051098788167379,-0.48168554439361433,-0.1930992612233977
United Kingdom,high_school,1,0.15197167495777208,0.6373870048507351,0.7105202484908255,0.09,0.09,0.09,0.9891304290502124,0.9055730050734326,-0.3758144403432049,0.46282229341442216
United Kingdom,phD,1,0.23354863759059521,0.6905307676553499,0.8458855399606418,0.29,0.29,0.29,0.935850960395352,0.8270783287829403,0.48049340032794885,0.48305621664679554
United Kingdom,phD,1,0.08252090324458146,0.6340948620873665,0.7931682109552471,0.32,0.32,0.32,0.9766754897528398,0.8210664029383521,0.150709388264195,0.5770231888698127
United Kingdom,bachelor,1,0.032000645834373086,0.5214603339587898,0.7170739000946312,0.27,0.27,0.27,0.915981798880941,0.8778834435871286,-0.46041333139698004,0.909689701875886
United Kingdom,high_school,1,0.106421530716111,0.6589325343595448,0.9054204427807312,0.23,0.23,0.23,0.9317400767927017,0.8302999587214435,0.2343996644168702,0.9847564691619612
United Kingdom,master,1,0.02070945115939472,0.6044556226116896,0.9274350279903444,0.08,0.08,0.08,0.9515422975314507,0.789085886727,-0.0016253846351677037,0.48037406462765375
United Kingdom,phD,1,0.10067532612470557,0.5373780970619497,0.8755262370290063,0.38,0.38,0.38,0.9150009664886857,0.7963153666110716,0.5628615040831639,-0.32490198096971024
United Kingdom,master,1,0.26155318112525866,0.6407909001476946,0.757807217923933,0.42,0.42,0.42,0.901472848464882,0.8015381599011228,0.7637317953632614,-0.2182871678298699
United Kingdom,master,1,0.05512337472407784,0.6752514353489247,0.7786187149168784,0.57,0.57,0.57,0.9396166410450946,0.8690578423762225,0.7676702449379287,-0.663803583013072
United Kingdom,bachelor,1,0.09052018751941408,0.6461925351873562,0.8158192120810212,0.03,0.03,0.03,0.9361083807890989,0.7514745174913507,0.8067378961786957,-0.086959128663888
United Kingdom,primary,0,0.23195702383563643,0.6908877390261998,0.7389866789071863,0.42,0.42,0.42,0.0,0.0,-0.2261272445079212,-0.038866220016302355
United Kingdom,high_school,0,0.061095508550968965,0.5304801230459815,0.8785462495739784,0.38,0.38,0.38,0.0,0.0,0.6823782432374583,0.520585604930708
United Kingdom,bachelor,0,0.03445376958687665,0.699780358600985,0.8576379601997279,0.41,0.41,0.41,0.0,0.0,0.16253578241236477,0.7451068644617318
United Kingdom,phD,0,0.07444762362707143,0.6724650060406989,0.9781101454971433,0.29,0.29,0.29,0.0,0.0,0.1701627289278258,-0.302635715816733
United Kingdom,high_school,0,0.1830844708904189,0.570967538335159,0.9237501076320014,0.19,0.19,0.19,0.0,0.0,0.33924293713571196,-0.5975144092180658
United Kingdom,primary,0,0.21351944961812494,0.6075037323709197,0.8091643271572311,0.32,0.32,0.32,0.0,0.0,-0.21663371117233488,0.38303505754904776
United Kingdom,high_school,0,0.2030199750829147,0.6672007523017945,0.9524912605552817,0.12,0.12,0.12,0.0,0.0,-0.400889172088702,-0.906176582034705
United Kingdom,high_school,0,0.01937679817428234,0.6502993196003805,0.7764005247260762,0.33,0.33,0.33,0.0,0.0,-0.3652314852143477,0.9511952997624362
United Kingdom,high_school,0,0.08518035742281939,0.6020936644299189,0.8735735446704395,0.51,0.51,0.51,0.0,0.0,-0.806271734512376,0.908963662018013
United Kingdom,bachelor,0,0.034736789097358035,0.5389245056123603,0.7804610673400424,0.07,0.07,0.07,0.0,0.0,-0.8795012739426198,0.8824812909981388
United Kingdom,master,0,0.1680303726709826,0.6000989495258224,0.9214713624712443,0.34,0.34,0.34,0.0,0.0,-0.49477574313945905,-0.8173016036585761
United Kingdom,master,0,0.10975533693239761,0.6853945027062535,0.980970249070961,0.25,0.25,0.25,0.0,0.0,0.20432030010574964,0.03215410643676608
United Kingdom,high_school,0,0.22536714224977475,0.674701811583724,0.9162419000027922,0.7,0.7,0.7,0.0,0.0,0.7216289826103153,-0.3038837253750033
France,phD,1,0.17058176242751003,0.549453713859203,0.47174516691511337,0.21,0.21,0.21,0.9647541366305757,0.9150539127290134,-0.6068287345430341,0.18416609468003298
France,phD,1,0.17468590922412827,0.5103122736795419,0.45438974647806546,0.12,0.12,0.12,0.9864532453478259,0.8137767287648286,-0.4473780196274979,-0.8994308216519968
France,bachelor,1,0.051468550533135426,0.5853137634573772,0.6622329725684756,0.25,0.25,0.25,0.9752148944083401,0.8833784506846616,0.8681939359274482,-0.05073665004593053
France,high_school,1,0.16278274474175702,0.6215602710708416,0.4545217655511654,0.14,0.14,0.14,0.9075891996448552,0.8773514030474943,-0.07372046077444527,0.09732376192169823
France,master,1,0.019745382057808146,0.6867218663697159,0.48720368008110937,0.35,0.35,0.35,0.9843898952942295,0.9648455888776839,0.06955691795126229,0.459476336755664
France,phD,1,0.03020620586299546,0.6821833810189031,0.5183096614726136,0.2,0.2,0.2,0.9692701222641334,0.8535764724205565,0.6937744900589857,0.3773616626926093
France,master,1,0.2574774369683967,0.6118339970698968,0.4418727255820655,0.49,0.49,0.49,0.9534232478035363,0.8247327410588212,0.29309063652654754,0.8231550741182683
France,master,1,0.05226828434736734,0.5559461088707703,0.5654078598293379,0.03,0.03,0.03,0.9119463811844842,0.7937524165225852,-0.4624956988029798,-0.8249537587368456
France,bachelor,1,0.0003027558469624658,0.658058743636093,0.4032195631983024,0.3,0.3,0.3,0.9748609995401019,0.8465767345985769,-0.42526633057672747,-0.4230329208000396
France,primary,1,0.2147599873409979,0.6128351322974707,0.4680190269172052,0.01,0.01,0.01,0.9741893339526998,0.8546216236927421,-0.7991158729597296,0.3432853687500792
France,high_school,1,0.05564872220285903,0.5181391367157475,0.6339847749089977,0.58,0.58,0.58,0.9152180155434799,0.8272531120784803,-0.8145062294414169,0.34689467257108997
France,bachelor,1,0.09025283620692483,0.590497974091002,0.5893830446096191,0.39,0.39,0.39,0.9222952836783186,0.890892020600077,-0.576708357922971,-0.24697480000847505
France,phD,0,0.17239285929744277,0.6215707477748538,0.664019896935219,0.02,0.02,0.02,0.0,0.0,0.9774924283697022,0.5113511917626459
France,high_school,0,0.2819946235957746,0.5842595698034001,0.4837779647847055,0.41,0.41,0.41,0.0,0.0,0.9486311827567739,0.5765026479298747
France,primary,0,0.006950825118350945,0.6140970400215552,0.4179412834598888,0.25,0.25,0.25,0.0,0.0,0.48568865478966883,-0.2741028346674237
France,high_school,0,0.19482861026095924,0.655364298036909,0.5598334952926517,0.23,0.23,0.23,0.0,0.0,-0.16482571946006375,0.23250802579955887
France,high_school,0,0.010510752791729527,0.6821187587397619,0.47032792817223185,0.25,0.25,0.25,0.0,0.0,0.7795288540549825,0.785830154125535
France,high_school,0,0.23246882163281343,0.6136313854010935,0.4292912870127236,0.34,0.34,0.34,0.0,0.0,-0.5747620422148461,0.8819105138671524
France,bachelor,0,0.10967530743420287,0.5279889587047404,0.5219217595345006,0.44,0.44,0.44,0.0,0.0,-0.5077385787787285,-0.8841381313059049
France,master,0,0.02573762403971458,0.694983538502183,0.4277928334299678,0.52,0.52,0.52,0.0,0.0,-0.7084290846236714,0.46363662490442525
France,master,0,0.11759028160725808,0.6600459477758944,0.4950363555622507,0.1,0.1,0.1,0.0,0.0,0.4719204691980403,-0.11334853045466775
France,high_school,0,0.19517248834199616,0.595018471135292,0.4283376144598559,0.39,0.39,0.39,0.0,0.0,0.012138720069465592,-0.2811298562703408
France,master,0,0.04072825706076737,0.6013781673033141,0.49276312637230757,0.27,0.27,0.27,0.0,0.0,-0.925583285047094,-0.336122249204198
France,primary,0,0.11432192297766276,0.6920605135284748,0.5123223125710665,0.56,0.56,0.56,0.0,0.0,-0.939993956457019,-0.8426360107506987
France,phD,0,0.2341696296305401,0.5109683859739537,0.6750039878517946,0.38,0.38,0.38,0.0,0.0,0.47354882329751957,-0.29930413832702185
France,bachelor,1,0.24594706955496026,0.628504512492147,0.5619786205818695,0.3,0.3,0.3,0.9207670934769809,0.853815318944779,-0.345015322908647,-0.0379916492939103
France,high_school,1,0.21835656984527826,0.5994194205864023,0.6039024430287313,0.56,0.56,0.56,0.9514836661006559,0.9276086169003807,-0.23749640404508776,-0.21955402363743537
France,master,1,0.1412946992605197,0.6976752979276422,0.4699116817690459,0.2,0.2,0.2,0.9550875726457143,0.8608557189245939,-0.7618094751714422,0.8930362336834952
France,phD,1,0.21148492765909602,0.5350467039203335,0.6964653346210904,0.69,0.69,0.69,0.9726101227757731,0.9097440044611242,-0.7017201981658914,0.6708261860683724
France,master,1,0.044685367025549226,0.6845273810948573,0.6362544689656304,0.37,0.37,0.37,0.9987690635312249,0.9927831901138205,-0.8559181946897358,-0.4533096751720762
France,master,1,0.11502138970361836,0.5365373322083865,0.4599861548058887,0.18,0.18,0.18,0.9216712468910554,0.8274733716904956,0.290671075914414,-0.9311368880714752
France,bachelor,1,0.09348729859248368,0.5720672700066731,0.4038499967476139,0.12,0.12,0.12,0.9027058082313528,0.73768317636529,-0.9080603863641694,-0.7278867917324234
France,primary,1,0.03959413330386128,0.6704595252537511,0.44434861019060673,0.25,0.25,0.25,0.94767049824204,0.7820855447331323,0.9028658320515905,0.690833511387634
France,high_school,1,0.01230083653837638,0.5794394477418751,0.5137987782801611,0.27,0.27,0.27,0.9224801358482003,0.8873100132299077,0.796559355306266,0.6856430251739212
France,bachelor,1,0.015852868257136585,0.539999164301093,0.6142545363884075,0.09,0.09,0.09,0.9159508225526874,0.7372051125967992,-0.7650507599463907,0.12316074685442446
France,phD,1,0.29274861914145084,0.5586084457643892,0.47267359407991255,0.12,0.12,0.12,0.9325266637833559,0.7462094821199668,-0.203008393808094,-0.6690836686999535
France,high_school,1,0.11328858023777416,0.5897688894833968,0.4130347497606849,0.29,0.29,0.29,0.9453573909143663,0.7764347015966785,-0.5416486826636142,-0.37624789050837437
France,primary,0,0.0958022101455543,0.5218819149727443,0.443813654268533,0.13,0.13,0.13,0.0,0.0,-0.978082086344948,-0.8528138163128327
France,high_school,0,0.19685903775819955,0.6926908157846949,0.531897927577623,0.33,0.33,0.33,0.0,0.0,-0.8304306761621985,0.5346173974902326
France,high_school,0,0.21746736429833877,0.5988137732320394,0.645126036803322,0.24,0.24,0.24,0.0,0.0,0.8766995831299327,0.5585791509915514
France,high_school,0,0.26928585136837474,0.5670149615344109,0.5938810784690146,0.65,0.65,0.65,0.0,0.0,0.21781324431886362,-0.8626360186062931
France,bachelor,0,0.2735841713435216,0.6446506547587513,0.5887351755996129,0.04,0.04,0.04,0.0,0.0,-0.6632686222149877,-0.13117882890747778
France,master,0,0.01710142136823639,0.6145202970967913,0.6858969257467001,0.46,0.46,0.46,0.0,0.0,-0.9611513223681789,-0.2955453403913637
France,master,0,0.0741994305079917,0.5558631631762839,0.557559533718516,0.37,0.37,0.37,0.0,0.0,0.7140291970819979,0.27941297820151556
France,high_school,0,0.11676073706627355,0.6976207385846739,0.48624871551744114,0.14,0.14,0.14,0.0,0.0,-0.2585990242220557,-0.14625901289075283
France,master,0,0.09190101987229002,0.6336229039800646,0.5644738750955802,0.04,0.04,0.04,0.0,0.0,-0.34352845459424364,0.20833668119395288
France,primary,0,0.16679505641784986,0.5668612037924193,0.4195658573352503,0.06,0.06,0.06,0.0,0.0,0.5029663892426264,-0.8819446752558333
France,phD,0,0.07238023058274165,0.6972462815219447,0.4087396609880867,0.39,0.39,0.39,0.0,0.0,0.3525508196865088,0.2900626228087486
France,phD,0,0.26964502174498045,0.6427576528446667,0.6456756298216163,0.2,0.2,0.2,0.0,0.0,-0.6052526814976469,0.7951666435799598
France,primary,0,0.09848495925765284,0.5449489523258738,0.6687826897980442,0.07,0.07,0.07,0.0,0.0,0.11893539537319198,0.6927108637697088
Germany,phD,1,0.2681723937198273,0.6703716724825407,0.35963295856760313,0.24,0.24,0.24,0.9165033436985164,0.8386685431345214,0.3201882947144161,-0.8029952159589915
Germany,master,1,0.2776844699532171,0.6020043727486835,0.23742582389020747,0.16,0.16,0.16,0.9209631853936203,0.7635142172707902,-0.48883672216307006,-0.5530307211568355
Germany,master,1,0.19830078718969088,0.5485657062550165,0.20061431448206088,0.03,0.03,0.03,0.9299425447310946,0.9264607927402486,0.6972303734150449,-0.5231353475609508
Germany,bachelor,1,0.08168400395587329,0.5268410470501015,0.1792586136057652,0.41,0.41,0.41,0.9314171219945176,0.7736990686940202,0.41082753349465495,0.7376524041577768
Germany,primary,1,0.017013883460341626,0.6699113470148135,0.32665580562233376,0.17,0.17,0.17,0.910700247050563,0.8583625355980739,-0.5948813021438604,0.6172558563089963
Germany,high_school,1,0.2984046393991581,0.530734236526896,0.1449796632808697,0.01,0.01,0.01,0.931405995562949,0.8369639904781023,-0.7871357120265343,-0.06537325304912667
Germany,bachelor,1,0.27685074476538984,0.6420551769418603,0.10960655989875445,0.07,0.07,0.07,0.9312298696283842,0.8215627906374926,0.2279457950839303,-0.8411813156947237
Germany,phD,1,0.1469296684877474,0.5973385123760597,0.12679732466230803,0.38,0.38,0.38,0.9325515246508386,0.8929058459057281,0.20200907666150725,-0.03766757541915866
Germany,high_school,1,0.018349071690636997,0.5404794212846897,0.2782220415184029,0.23,0.23,0.23,0.9738863035636142,0.9140654980088845,-0.6346526269750357,-0.28989405624367537
Germany,primary,1,0.2285080730881427,0.5996289697963259,0.3155832183755287,0.22,0.22,0.22,0.967954135584966,0.9049819324660618,-0.22189584535528173,-0.10680795402051291
Germany,high_school,1,0.08809316003221142,0.5053254269213722,0.21351493275554762,0.15,0.15,0.15,0.9099425692354999,0.7592835446741699,-0.9767521038696696,0.19216887575767916
Germany,high_school,1,0.1310367745483654,0.5935450186113095,0.1769121264787477,0.32,0.32,0.32,0.91945482013108,0.8899996889599646,-0.9669966426344139,0.7439751103233223
Germany,high_school,0,0.2939639723340047,0.5061167250208374,0.340386870065415,0.34,0.34,0.34,0.0,0.0,-0.9917501338781376,0.7949051070038669
Germany,bachelor,0,0.27535113173791215,0.5830875670109755,0.33374204788784356,0.61,0.61,0.61,0.0,0.0,-0.8462592683620451,0.9495559019281952
Germany,master,0,0.25444571260738896,0.5052206506434228,0.19493070124150422,0.58,0.58,0.58,0.0,0.0,0.7494858504491717,0.33482146765063825
Germany,master,0,0.022428377296127986,0.6657260018546989,0.2615545174378141,0.52,0.52,0.52,0.0,0.0,0.9828544781953337,0.2944399606810526
Germany,high_school,0,0.1957789752166468,0.6527391658122623,0.3069822418978346,0.03,0.03,0.03,0.0,0.0,0.84513139089753,0.2991071823999971
Germany,master,0,0.18150712161929583,0.525719061214346,0.20903089712103778,0.24,0.24,0.24,0.0,0.0,-0.6169664025920942,0.7463760085439566
Germany,primary,0,0.21499151410236353,0.691697202528956,0.10627298525178652,0.08,0.08,0.08,0.0,0.0,0.16896315432407016,-0.6732534060726167
Germany,phD,0,0.004801438836789518,0.6631412846547869,0.15029035738947238,0.01,0.01,0.01,0.0,0.0,-0.05505541837954442,0.639387297982398
Germany,phD,0,0.27379546678537486,0.5353196483360526,0.1276804035446717,0.09,0.09,0.09,0.0,0.0,-0.5040422735789072,-0.44212520235292474
Germany,primary,0,0.050615692903186744,0.5940816111450697,0.15909157481235897,0.09,0.09,0.09,0.0,0.0,0.12735147284374282,-0.32001195414986205
Germany,primary,0,0.0004220433945105517,0.6177340642190144,0.3353152583501413,0.12,0.12,0.12,0.0,0.0,0.6628123421443295,0.3966426492742243
Germany,phD,0,0.19716657970611126,0.6779363152994882,0.3979257479030439,0.08,0.08,0.08,0.0,0.0,0.6708605024612095,0.43926888544636467
Germany,phD,0,0.22117941594653695,0.532208575270087,0.32386635695431665,0.37,0.37,0.37,0.0,0.0,0.6623623438572568,0.41037551368240055
Germany,master,1,0.21530231102516392,0.658413184387852,0.32922849373514546,0.31,0.31,0.31,0.9974833573157481,0.9808843198111676,0.2758281482247986,0.36634272548988833
Germany,bachelor,1,0.026434597242078407,0.5837007914497592,0.23475819976174286,0.23,0.23,0.23,0.9212912903670408,0.7767554171727179,0.6963788812184024,-0.20634988614780392
Germany,primary,1,0.06900073831976201,0.5154853368360769,0.18541772654904726,0.1,0.1,0.1,0.9768842912212532,0.8947709420581241,-0.29417703647243854,0.8783829303499595
Germany,high_school,1,0.16360426273943057,0.5601784087664918,0.35854423706570115,0.7,0.7,0.7,0.9482336014949596,0.770265997564827,-0.7169224113503039,-0.15667181847572564
Germany,bachelor,1,0.18163243390742165,0.5358408901024512,0.3265414192964973,0.87,0.87,0.87,0.9569139694696192,0.863122664326781,-0.3188861208088314,0.8799103076986183
Germany,phD,1,0.22189191800994734,0.6785313204326093,0.3955266320116313,0.01,0.01,0.01,0.9657098566410487,0.8445285082398469,0.7030611915715159,0.735248105487549
Germany,high_school,1,0.004336835613027367,0.6735235994958091,0.2969719387892168,0.32,0.32,0.32,0.9428617294833195,0.8771356720118529,0.16100704231893737,0.13418118530034473
Germany,primary,1,0.196055960984284,0.5216113380118739,0.17849483683476958,0.53,0.53,0.53,0.9814367954543085,0.8699218395788778,0.04760994156985743,0.8352392019452504
Germany,high_school,1,0.06418464718131009,0.6926293657662557,0.1074363053361456,0.24,0.24,0.24,0.9390919155473934,0.7639937568885248,-0.9413401344118819,-0.4843467293871093
Germany,high_school,1,0.10242276105689913,0.650906940343734,0.29883133668471407,0.54,0.54,0.54,0.9186371513029445,0.8055105557696066,-0.9793515970767264,0.34605418200970695
Germany,high_school,1,0.046608747635123925,0.6556651447359625,0.2853996678609435,0.23,0.23,0.23,0.9705604520647528,0.7864664824436088,-0.1942709788903063,-0.15790680563235004
Germany,bachelor,1,0.14889396651221917,0.6607242675455834,0.2523326067838278,0.03,0.03,0.03,0.9806459642576948,0.8279151465499673,0.2411748039482584,0.34493974700041496
Germany,master,0,0.07654627201704325,0.6649870930285637,0.33460460026523137,0.54,0.54,0.54,0.0,0.0,0.57270884147158,0.29547209943981856
Germany,master,0,0.18788240959545907,0.683315692534009,0.21547881544954883,0.26,0.26,0.26,0.0,0.0,-0.728219569023413,-0.31762920250010773
Germany,high_school,0,0.0856565168427912,0.6039210270816969,0.24151752440481003,0.24,0.24,0.24,0.0,0.0,-0.15803500844938245,0.48884059414467784
Germany,master,0,0.03567697670309301,0.6900126090135533,0.31643213456660296,0.67,0.67,0.67,0.0,0.0,0.7560500041681353,0.15475295703885283
Germany,primary,0,0.09869599617864469,0.6926411222004734,0.2950092151688196,0.14,0.14,0.14,0.0,0.0,0.3222077833139396,0.7676170178961885
Germany,phD,0,0.0891344318522386,0.6764226098218372,0.24079188897851847,0.11,0.11,0.11,0.0,0.0,-0.9887388815604365,-0.2610957301533745
Germany,phD,0,0.08860584795090576,0.5592830818093574,0.1463975151371444,0.13,0.13,0.13,0.0,0.0,-0.7303707110789193,-0.906366551922559
Germany,primary,0,0.2982682101977069,0.6756521715614414,0.1795638099030849,0.11,0.11,0.11,0.0,0.0,-0.5564665440334347,-0.6514948787952917
Germany,primary,0,0.1773589940693339,0.6083727765846159,0.22977946107711478,0.28,0.28,0.28,0.0,0.0,-0.7329866298325025,0.47037547136607083
Germany,phD,0,0.2593276655678179,0.582228607028753,0.11732088415108455,0.33,0.33,0.33,0.0,0.0,-0.30033518067518017,0.28623322749214597
Germany,phD,0,0.19261025564573422,0.6785079356458317,0.23987051042313504,1.0,1.0,1.0,0.0,0.0,-0.3815175039505647,0.3397406569467545
Germany,phD,0,0.29477030280995203,0.5263615511272556,0.29062238070292556,0.29,0.29,0.29,0.0,0.0,0.7292004503275,0.36336132514169894
Germany,bachelor,0,0.1470847732079601,0.5928819181563115,0.23808474331815077,0.47,0.47,0.47,0.0,0.0,-0.7338017327384001,0.5815068425983658
Spain,high_school,1,0.14258193868400051,0.5451526440564991,-0.05361030605636974,0.85,0.85,0.85,0.9031537914535157,0.7718161396183385,0.39986683019116964,-0.4898127562825638
Spain,bachelor,1,0.08129162771574966,0.6758179851615527,0.05735298144546441,0.77,0.77,0.77,0.9144714057156903,0.8958612899381879,0.4443066932241386,0.888165080891582
Spain,phD,1,0.07201785882557567,0.6980133715457418,-0.046818133768515235,0.46,0.46,0.46,0.9009162294059161,0.8800756511710619,0.43613784328949246,-0.3151602318098008
Spain,high_school,1,0.27250698078269503,0.648355289393951,-0.018745230004882374,0.13,0.13,0.13,0.9265410114787306,0.844310829377218,0.6588568248505331,0.8235705939026023
Spain,primary,1,0.1443081061283185,0.6408550306407601,0.039392785914954764,0.29,0.29,0.29,0.9191687206743392,0.8202209543840144,0.1830983527913017,0.5053214902294005
Spain,high_school,1,0.196258220282251,0.6228691913573312,0.023393321989716,0.1,0.1,0.1,0.9490231817620526,0.9264490191218161,0.6313135252998454,-0.996347728414102
Spain,high_school,1,0.2794902339034324,0.5823272546673628,0.008848073953638624,0.03,0.03,0.03,0.987572029009492,0.7957116990105934,0.3554146859188976,0.38802297965446564
Spain,high_school,1,0.1590572307243531,0.6025144815806768,-0.006518514158582539,0.16,0.16,0.16,0.9618762694237365,0.8021196179117219,-0.32306488669692857,-0.36094593955023013
Spain,bachelor,1,0.053984503149791974,0.6328430769196933,-0.11059606194462636,0.06,0.06,0.06,0.9344228483866215,0.8430900688266502,-0.8799872737918977,-0.7562245904749207
Spain,master,1,0.2124954221397273,0.6819265033636579,0.04520532986533121,0.25,0.25,0.25,0.9959914415417639,0.90700541989092,0.22199793479697716,0.28440856292727634
Spain,master,1,0.23857375924949079,0.523010176276893,-0.12332360295971809,0.26,0.26,0.26,0.9113298197756997,0.8492395884682535,-0.8203846062005178,-0.7164446973605783
Spain,high_school,1,0.28066719897841147,0.6013260473475995,-0.08260485667922908,0.17,0.17,0.17,0.9327933046832405,0.764001960934878,0.36456224128446024,0.1380158004177321
Spain,master,0,0.12962968682202955,0.5252351849687554,0.08112166989434505,0.34,0.34,0.34,0.0,0.0,-0.7360315049236452,-0.5108307897268398
Spain,primary,0,0.037686424221028456,0.5470538702762505,-0.030851772934113036,0.09,0.09,0.09,0.0,0.0,-0.5508929399084295,-0.7873024918411076
Spain,phD,0,0.20470273881449516,0.6664958400886387,0.05777734369805354,0.09,0.09,0.09,0.0,0.0,0.4082137803016357,0.3538863731190445
Spain,phD,0,0.23653038611767851,0.6393760476589936,-0.06282772838205153,0.02,0.02,0.02,0.0,0.0,0.0882933062897,0.44695032839292836
Spain,primary,0,0.0131582878261712,0.5224246593140389,-0.13203638275186894,0.03,0.03,0.03,0.0,0.0,-0.8217162643440816,0.8288019194024174
Spain,primary,0,0.2433574734603623,0.6321490654173499,0.02646434286182653,0.06,0.06,0.06,0.0,0.0,-0.010673648836729388,-0.6347514279642219
Spain,phD,0,0.2511136733022932,0.514972618465119,-0.07177582428560045,0.49,0.49,0.49,0.0,0.0,0.45781184371546724,-0.7738970690495115
Spain,phD,0,0.02070166957660462,0.5070809239410752,0.012907895673496705,0.33,0.33,0.33,0.0,0.0,0.839500897590286,0.9199364567803121
Spain,phD,0,0.1855411901919613,0.6715279356253866,-0.17125649734633916,0.87,0.87,0.87,0.0,0.0,-0.3716803981604788,-0.1109319657486465
Spain,bachelor,0,0.031913861326335786,0.6306917346059374,0.031070351366162374,0.34,0.34,0.34,0.0,0.0,0.8359007148421949,0.9949639545949418
Spain,phD,0,0.15555885592037572,0.6023759128236522,0.04169940245951592,0.63,0.63,0.63,0.0,0.0,0.7602350785230065,0.2465647733018077
Spain,master,0,0.039077046772133174,0.6947596235512374,-0.1537648728519616,0.49,0.49,0.49,0.0,0.0,0.6672946121066596,-0.20996322237984777
Spain,high_school,0,0.17237269253698,0.6216591573395056,-0.08291653580142214,0.03,0.03,0.03,0.0,0.0,-0.7683243658992829,0.8893998831197361
Spain,phD,1,0.08366282962525365,0.6272117339135832,-0.0046899552372692555,0.52,0.52,0.52,0.948475014632387,0.8362500200146417,0.6156900017629743,-0.8722994200227934
Spain,high_school,1,0.14650270629486573,0.5839896030955218,-0.07673790473535136,0.01,0.01,0.01,0.9212945588926944,0.8978077417976769,0.4185983608350643,-0.4230360527977717
Spain,primary,1,0.18639866805879382,0.6273277002749627,-0.1499112436143098,0.3,0.3,0.3,0.9944438229401453,0.9229864930621358,-0.012623393224285184,-0.784305316521871
Spain,high_school,1,0.23467695632441454,0.688742109868559,-0.17730759437929208,0.58,0.58,0.58,0.9855939255891936,0.9852676745232843,0.7757953086517293,-0.953265761116503
Spain,high_school,1,0.13879527051369464,0.6491630162191085,-0.12981269490783595,0.14,0.14,0.14,0.9802669451930437,0.8875947839892231,-0.08879773626037935,-0.3564091701974843
Spain,high_school,1,0.04449421141770663,0.657529966657693,-0.16450515628199286,0.31,0.31,0.31,0.9909134405690534,0.8307966412694521,0.5241527682847615,0.9149158940740816
Spain,bachelor,1,0.09922874115419862,0.698042442810642,-0.09472175792844897,0.31,0.31,0.31,0.9252574403878513,0.8563865817615455,0.7488064508425283,0.9429937988825157
Spain,master,1,0.12567072879176938,0.6925641213647937,0.09360823004595109,0.37,0.37,0.37,0.9025512703119227,0.7756526074834414,0.8710124219150062,-0.8630127998268566
Spain,master,1,0.10234400633753,0.5461509755313757,0.05935718746500063,0.36,0.36,0.36,0.9216936135744509,0.8740013221988442,0.3975052369785741,0.2272542637065338
Spain,high_school,1,0.061902682115334506,0.6654102248762803,-0.06911353402335574,0.19,0.19,0.19,0.9481486901682394,0.9300531086046069,-0.14297719198580738,-0.15232228597308395
Spain,master,1,0.29477478187464895,0.6987758267327496,0.043126844725617564,0.29,0.29,0.29,0.9430525591406473,0.8635976344307874,-0.23302737119733008,0.7280612341006651
Spain,primary,1,0.10488161366451255,0.6294325070030793,-0.019737048122972806,0.32,0.32,0.32,0.9478839260242967,0.8117372285618436,-0.6640200909621088,0.06944768367756438
Spain,phD,0,0.0004682845158971105,0.5175840504029239,0.0059727365136938715,0.32,0.32,0.32,0.0,0.0,-0.6367890836890597,-0.717859003847819
Spain,phD,0,0.07382263471122538,0.6814560696748495,-0.12575606611508688,0.15,0.15,0.15,0.0,0.0,-0.8716474928230904,-0.11366158668778525
Spain,primary,0,0.23183220101734928,0.5482670798547289,-0.14013187644038283,0.37,0.37,0.37,0.0,0.0,0.45864726025254465,-0.8209809635323375
Spain,primary,0,0.21651944476328838,0.6586069882709233,0.05970720402417529,0.57,0.57,0.57,0.0,0.0,-0.801256477269267,0.800084974632794
Spain,phD,0,0.14172059885803023,0.5182389230568444,-0.018538773386506946,0.2,0.2,0.2,0.0,0.0,0.5479672422424793,0.04892773733960487
Spain,phD,0,0.014422743367485225,0.6070091008957186,-0.14383800715792316,0.32,0.32,0.32,0.0,0.0,-0.5797073368613677,0.7193975616052366
Spain,phD,0,0.10082575222472266,0.6797625845633464,0.007162619748672244,0.65,0.65,0.65,0.0,0.0,-0.08931892347391357,0.5203995643500301
Spain,bachelor,0,0.27399367933171287,0.6228311545790223,-0.16731597923208477,0.13,0.13,0.13,0.0,0.0,-0.8633312543921674,-0.30401703016626036
Spain,phD,0,0.04213553730171574,0.5390607630583095,0.04784353765904131,0.34,0.34,0.34,0.0,0.0,0.8099978155423604,-0.2350832318243481
Spain,master,0,0.027664186559677315,0.6432254657969247,-0.15302861465826964,0.22,0.22,0.22,0.0,0.0,-0.9419425742351708,0.5204096294358751
Spain,high_school,0,0.13564067610164054,0.6454025472418721,-0.1615364608776752,0.1,0.1,0.1,0.0,0.0,0.16401077794775754,-0.5050923283984665
Spain,master,0,0.006456658591394482,0.67363500351181,-0.09673547057377382,0.54,0.54,0.54,0.0,0.0,0.613535426195124,-0.019587947177859943
Spain,master,0,0.273688847784749,0.5423686728293383,-0.08681457187955904,0.31,0.31,0.31,0.0,0.0,-0.18208872902690398,0.38943609982252214
Italy,high_school,1,0.24838069130438512,0.6896558927465344,-0.26645233821499215,0.29,0.29,0.29,0.9037144393582475,0.7612517959104509,0.07173460968630874,-0.7649682891229106
Italy,high_school,1,0.04708829859637868,0.6565757593990612,-0.4336527774311968,0.26,0.26,0.26,0.9163692159159613,0.9044116758088017,-0.08363980277268124,0.15772480160287872
Italy,high_school,1,0.2621392522909678,0.5250551355402373,-0.3294741910858746,0.46,0.46,0.46,0.9728506466687049,0.8853458167216302,0.27249656435606284,0.08896270070126922
Italy,bachelor,1,0.29345311419421327,0.5175857543046547,-0.21847619043147948,0.0,0.0,0.0,0.9533085717149986,0.8660064031949504,-0.22590968083947138,-0.9027376820756681
Italy,master,1,0.22977484156847594,0.5006230284218471,-0.46472266397071316,0.25,0.25,0.25,0.9592220556698114,0.8267866731473916,0.1574617562199081,0.153335021054273
Italy,master,1,0.23200969479213113,0.6416488230830965,-0.3244707236278792,0.43,0.43,0.43,0.9732473247660202,0.8349010898494542,-0.8422258581816875,0.6286124686540917
Italy,high_school,1,0.03596506566340811,0.5591054143836476,-0.42771537612354066,0.07,0.07,0.07,0.9707251570623792,0.8879400899111156,0.3481519042386034,-0.6580753319916102
Italy,master,1,0.07122247367203773,0.585012287683834,-0.422751198759077,0.48,0.48,0.48,0.9987431016931493,0.9212101848728761,-0.3676757348279365,-0.770933926608818
Italy,primary,1,0.14245225322096333,0.6498808490847303,-0.2673343058652673,0.07,0.07,0.07,0.9285092384139262,0.8653795824462981,0.18548311650269533,0.04096185000205921
Italy,phD,1,0.05629417539410479,0.5761293448555784,-0.25071903501691606,0.38,0.38,0.38,0.9703748530383166,0.789756368912795,0.008723177034333007,-0.011906234499794222
Italy,phD,1,0.2505306435719495,0.551949574356543,-0.4987383025405274,0.67,0.67,0.67,0.973676365295407,0.8726327852925573,-0.49536136903166184,0.989660544880659
Italy,primary,1,0.11713657715464533,0.5660764227031484,-0.49833454518547016,0.1,0.1,0.1,0.923248554077713,0.764597828997274,-0.11746175713564244,0.11633369730374543
Italy,primary,0,0.1929781510411012,0.5814556476716659,-0.3981060520877854,0.36,0.36,0.36,0.0,0.0,-0.6312095308508294,0.8860691963188305
Italy,phD,0,0.11887915265455298,0.6451766985292448,-0.2778931717031865,0.6,0.6,0.6,0.0,0.0,0.9624121102212513,-0.5282059967594726
Italy,phD,0,0.2911605686715242,0.5982310885999547,-0.3143690821139774,0.3,0.3,0.3,0.0,0.0,0.7400449589113653,0.760735880605999
Italy,phD,0,0.09741611672862663,0.5749407211065392,-0.33283621906299277,0.39,0.39,0.39,0.0,0.0,-0.9928005431097771,0.7622936583903916
Italy,bachelor,0,0.25818662145392185,0.6901280930357865,-0.22607418641593396,0.39,0.39,0.39,0.0,0.0,0.29120428884203764,-0.5773120674387904
Italy,phD,0,0.26168676613434083,0.582298120759786,-0.21965038315800667,0.31,0.31,0.31,0.0,0.0,-0.12510711734892532,0.47938722275565127
Italy,master,0,0.19018950767772733,0.5708581327476976,-0.2907928425963143,0.09,0.09,0.09,0.0,0.0,-0.27414333971968774,-0.5568062763950359
Italy,high_school,0,0.022071435840886455,0.6419707003018336,-0.4971730285288899,0.44,0.44,0.44,0.0,0.0,-0.05781266237443683,-0.7349890688341278
Italy,master,0,0.28106111307857007,0.5786865203244582,-0.3554947439722361,0.29,0.29,0.29,0.0,0.0,-0.3922818151110732,-0.6382871441673499
Italy,master,0,0.05041868114843085,0.6316334147038865,-0.21388375783080227,0.49,0.49,0.49,0.0,0.0,0.21004018486991272,-0.5653733886863708
Italy,primary,0,0.024304756398066896,0.6978107804884962,-0.3089974967761442,0.11,0.11,0.11,0.0,0.0,0.5494374642981963,0.08753701722575102
Italy,primary,0,0.25676993136143417,0.5421653580435715,-0.2644264223947072,0.25,0.25,0.25,0.0,0.0,-0.2342373864546814,0.4429930426558726
Italy,master,0,0.0549647708591648,0.6717866213580423,-0.4481342267283593,0.71,0.71,0.71,0.0,0.0,-0.693357481990974,-0.9286450396572901
Italy,high_school,1,0.009731176692587362,0.6223106977718358,-0.23519168304485016,0.36,0.36,0.36,0.9817340843687964,0.9349991505106474,0.22652977729462442,0.28936089239608287
Italy,bachelor,1,0.2599408142302123,0.5829080474252307,-0.3476426200815163,0.15,0.15,0.15,0.9806120870106838,0.9799276591620406,0.09113040447298171,-0.7441190300753158
Italy,master,1,0.2770489639681225,0.5333925591968033,-0.40332794085119816,0.05,0.05,0.05,0.9696001584859072,0.7766361658026991,0.12926416573208455,0.6397472724497422
Italy,master,1,0.10459646520579406,0.6717863874294687,-0.2134972328675111,0.03,0.03,0.03,0.961365977662985,0.8840921416809819,-0.6543482556523956,0.8186980413673945
Italy,high_school,1,0.1072712167965817,0.5835441698127339,-0.25142791263458486,0.52,0.52,0.52,0.9957599215209623,0.8546634522194703,0.1113789475247291,-0.31263583676719486
Italy,master,1,0.21853581991628604,0.6833906995263115,-0.468320948704577,0.39,0.39,0.39,0.9774801514710525,0.7965335435653766,0.048090109402169956,-0.5363817889265559
Italy,primary,1,0.21770839220460467,0.6734761230910095,-0.3830069145320495,0.17,0.17,0.17,0.9452786494170553,0.9021301812792136,0.22297654126314703,-0.23756756849602878
Italy,phD,1,0.08528230651510384,0.5158436764486357,-0.31548222873419973,0.28,0.28,0.28,0.9136119717610139,0.8905538329898437,-0.6828630095767567,-0.24999431793336369
Italy,phD,1,0.017613610064708195,0.6336028004574629,-0.38937930366589557,0.11,0.11,0.11,0.9967307148426229,0.9859181897028991,-0.6877125866319762,-0.9928886889915338
Italy,primary,1,0.03860964179914177,0.584013757617506,-0.2152654274896082,0.65,0.65,0.65,0.9965294326605281,0.8062144762451888,-0.029631281349318028,-0.5238465337214191
Italy,primary,1,0.08172222014746626,0.6114050032799422,-0.4446247477018066,0.34,0.34,0.34,0.9117433004078942,0.7345484065963134,0.058885925747451884,0.3778254973839146
Italy,phD,1,0.005865023367870525,0.5105098215434907,-0.22357945953652453,0.41,0.41,0.41,0.9874428458171403,0.8744768505183642,0.6426114058417061,0.11946347101530352
Italy,phD,0,0.21860969892699475,0.5391930008680219,-0.4364722220992373,0.12,0.12,0.12,0.0,0.0,-0.5777592260738258,0.09723108914437395
Italy,phD,0,0.11505462476133374,0.5006355169531056,-0.20341390977918777,0.34,0.34,0.34,0.0,0.0,-0.2651490747796892,0.2599346459165539
Italy,bachelor,0,0.16066747647735205,0.5196112999838323,-0.4664646491297371,0.6,0.6,0.6,0.0,0.0,0.7532508570810281,0.9086216701043484
Italy,phD,0,0.07574140171412089,0.6558264082648884,-0.3200363979921929,0.56,0.56,0.56,0.0,0.0,-0.2656713613505819,0.35748291665316145
Italy,master,0,0.11290745870128849,0.5651464993670969,-0.37648063161705303,0.34,0.34,0.34,0.0,0.0,-0.23673448623903903,0.09935222204073746
Italy,high_school,0,0.2105044336416908,0.5704968647789664,-0.350866799888954,0.27,0.27,0.27,0.0,0.0,0.08090515745797777,-0.2479302791105662
Italy,master,0,0.26356219921054663,0.6662273688754445,-0.22154103259548702,0.02,0.02,0.02,0.0,0.0,0.8685888466102556,0.5588020816613026
Italy,master,0,0.24874671808542387,0.5414629715538367,-0.4596401146687386,0.5,0.5,0.5,0.0,0.0,0.9245986760082503,-0.2035259354137886
Italy,primary,0,0.15370363111054614,0.694466135306138,-0.48222896564945583,0.42,0.42,0.42,0.0,0.0,0.18805027762390947,0.9413830058929142
Italy,primary,0,0.2525106610734942,0.5117969668542933,-0.4876968432622038,0.02,0.02,0.02,0.0,0.0,-0.3842651105885755,0.3792501310872347
Italy,master,0,0.08954845923698129,0.5069282864734792,-0.34973510571765243,0.41,0.41,0.41,0.0,0.0,0.7816936985590268,-0.7085883204253356
Italy,bachelor,0,0.1871421418659268,0.6411384851318042,-0.30777547971436414,0.46,0.46,0.46,0.0,0.0,-0.9108734185704033,0.11795337219238422
Italy,primary,0,0.08568771165042935,0.5944963823969638,-0.3114467252345726,0.03,0.03,0.03,0.0,0.0,-0.7954378327123062,-0.3369067682938356
