Sample_ID,First name,Last name,Country,City,age,height,BMI,Education,Case Status,Gene1,Gene2,Gene3,Gene4,Gene5,Gene6,Gene7,Gene8,Gene9,Gene10,SNP1,SNP2,SNP3,SNP4,SNP5
1,Randy,Walker,United Kingdom,London,78,65.39499463,25.59472795,master,1,0.119998319,0.678795236,0.852927404,0.6,0.6,0.6,0.921394825,0.821844299,-0.787216665,-0.666701754,1,2,2,1,1
2,Jasper,Jackson,United Kingdom,London,23,67.49936649,29.05323076,high_school,1,0.176586055,0.578122579,0.794701356,0.05,0.05,0.05,0.986630403,0.927316233,0.601256824,0.569896409,1,2,2,0,1
3,Xzavier,Jones,United Kingdom,London,46,73.36684675,25.42868425,primary,1,0.257936002,0.507469002,0.983368838,0.28,0.28,0.28,0.9057806,0.891602761,-0.522415477,0.745025106,1,2,2,0,1
4,Kyler,Jackson,United Kingdom,London,57,69.22529289,27.10597418,high_school,1,0.068561761,0.654572974,0.869403767,0.39,0.39,0.39,0.990541989,0.848414596,-0.730328966,-0.605977848,1,2,2,0,1
5,Caden,Wright,United Kingdom,London,25,64.35790466,25.07594057,high_school,1,0.154715185,0.529922258,0.714548299,0.07,0.07,0.07,0.939654636,0.770389205,-0.133846944,0.167176021,1,2,2,0,1
6,Uriah,Robinson,United Kingdom,London,28,70.27334155,26.46076334,phD,1,0.175119146,0.670574818,0.895264012,0.1,0.1,0.1,0.900153861,0.85944837,0.817697032,-0.850809755,1,2,2,2,1
7,Tru,Jackson,United Kingdom,London,29,67.90485365,24.28483978,phD,1,0.284159857,0.665614469,0.952531258,0.11,0.11,0.11,0.935741862,0.794140568,0.246310535,0.641219557,1,2,2,2,1
8,Odin,Williams,United Kingdom,London,19,69.56979206,27.8940968,bachelor,1,0.009654417,0.675076358,0.990076592,0.01,0.01,0.01,0.919074864,0.85894167,0.567742144,-0.665192188,1,2,2,1,1
9,Brantley,Evans,United Kingdom,London,23,69.12451415,25.9901791,high_school,1,0.020683101,0.511218873,0.983066729,0.05,0.05,0.05,0.936155814,0.804147201,-0.050892514,-0.469385622,1,2,2,0,1
10,Jase,Clark,United Kingdom,London,35,64.12907283,29.02098189,master,1,0.096025248,0.561759136,0.977515559,0.17,0.17,0.17,0.989482586,0.979774345,-0.833814866,0.305276557,1,2,2,1,1
11,Jamari,Jones,United Kingdom,London,48,69.97011431,15.08911451,phD,1,0.247527605,0.509196469,0.939131326,0.3,0.3,0.3,0.974158891,0.851791297,-0.978696062,-0.483358113,1,2,2,2,1
12,Allen,Wood,United Kingdom,London,64,68.78331621,19.52613338,master,1,0.252944876,0.506903653,0.708537041,0.46,0.46,0.46,0.991731372,0.980590692,0.957151709,-0.422655442,1,2,2,1,1
13,Frederick,Robinson,United Kingdom,London,68,69.37603949,23.44294942,master,0,0.040617354,0.586661232,0.934336823,0.5,0.5,0.5,0,0,0.423407423,-0.886863242,0,1,1,1,1
14,Cayden,Wright,United Kingdom,London,33,75.7234678,30.91709849,bachelor,0,0.275862006,0.618804308,0.815325544,0.15,0.15,0.15,0,0,-0.732053928,0.62704332,0,1,1,1,1
15,Damian,Clark,United Kingdom,London,29,65.62451285,23.99832821,primary,0,0.158330803,0.507375277,0.800552859,0.11,0.11,0.11,0,0,-0.243044377,0.344230447,0,1,1,0,1
16,Marlon,Johnson,United Kingdom,London,62,63.89595916,25.16772782,high_school,0,0.290368978,0.635580585,0.732280706,0.44,0.44,0.44,0,0,-0.471177328,0.243956056,0,1,1,0,1
17,Russell,Green,United Kingdom,London,56,67.70180499,24.29630762,bachelor,0,0.280355798,0.572641552,0.827739306,0.38,0.38,0.38,0,0,-0.746965518,-0.177189563,0,1,1,1,1
18,Drake,White,United Kingdom,London,57,71.36275744,30.74953798,phD,0,0.027876434,0.528073856,0.795137492,0.39,0.39,0.39,0,0,-0.508828139,-0.520230339,0,1,1,2,1
19,Judah,Brown,United Kingdom,London,30,72.34270571,20.63616927,high_school,0,0.292309167,0.626341538,0.774172189,0.12,0.12,0.12,0,0,-0.36602777,-0.636315163,0,1,1,0,1
20,Ricky,Jones,United Kingdom,London,42,71.18700193,14.53992214,primary,0,0.143623315,0.586549654,0.947490533,0.24,0.24,0.24,0,0,-0.357171071,0.881397845,0,1,1,2,1
21,Zechariah,Williams,United Kingdom,London,57,65.58563371,25.11547138,high_school,0,0.046833342,0.572081149,0.84076082,0.39,0.39,0.39,0,0,-0.56394731,0.566669594,0,1,1,2,1
22,Jesus,White,United Kingdom,London,38,74.64665653,22.423046,high_school,0,0.139682554,0.690780175,0.901177538,0.2,0.2,0.2,0,0,-0.037335834,-0.528184553,0,1,1,0,1
23,Duncan,Williams,United Kingdom,London,50,68.29575858,28.97898413,high_school,0,0.022295922,0.615247143,0.737948675,0.32,0.32,0.32,0,0,-0.950993989,0.905871556,0,1,1,0,1
24,Jeremias,Wright,United Kingdom,London,45,64.36470404,25.29412186,bachelor,0,0.224662356,0.574229328,0.891978893,0.27,0.27,0.27,0,0,-0.779098714,0.506600711,0,1,1,1,1
25,Lochlan,Walker,United Kingdom,London,96,73.32218945,19.03828048,master,0,0.163326765,0.608783602,0.924178569,0.78,0.78,0.78,0,0,0.350877314,0.785107473,0,1,1,2,1
26,Xzavier,Jones,United Kingdom,Manchester,68,70.60770214,30.44098035,primary,1,0.032814555,0.687323473,0.797046329,0.5,0.5,0.5,0.983702639,0.923014846,0.161427938,-0.543935405,1,2,2,1,1
27,Kyler,Jackson,United Kingdom,Manchester,78,66.67703534,22.49492374,high_school,1,0.067907679,0.532877667,0.737330106,0.6,0.6,0.6,0.911385056,0.805109879,-0.481685544,-0.193099261,1,2,2,2,1
28,Caden,Wright,United Kingdom,Manchester,27,69.38720026,25.45932794,high_school,1,0.151971675,0.637387005,0.710520248,0.09,0.09,0.09,0.989130429,0.905573005,-0.37581444,0.462822293,1,2,2,2,1
29,Uriah,Robinson,United Kingdom,Manchester,47,70.05491896,22.64458748,phD,1,0.233548638,0.690530768,0.84588554,0.29,0.29,0.29,0.93585096,0.827078329,0.4804934,0.483056217,1,2,2,0,1
30,Tru,Jackson,United Kingdom,Manchester,50,72.11634821,32.95686388,phD,1,0.082520903,0.634094862,0.793168211,0.32,0.32,0.32,0.97667549,0.821066403,0.150709388,0.577023189,1,2,2,2,1
31,Odin,Williams,United Kingdom,Manchester,45,65.04850932,22.97313257,bachelor,1,0.032000646,0.521460334,0.7170739,0.27,0.27,0.27,0.915981799,0.877883444,-0.460413331,0.909689702,1,2,2,2,1
32,Brantley,Evans,United Kingdom,Manchester,41,73.64716115,20.34736643,high_school,1,0.106421531,0.658932534,0.905420443,0.23,0.23,0.23,0.931740077,0.830299959,0.234399664,0.984756469,1,2,2,0,1
33,Jase,Clark,United Kingdom,Manchester,26,70.52715888,21.36114825,master,1,0.020709451,0.604455623,0.927435028,0.08,0.08,0.08,0.951542298,0.789085887,-0.001625385,0.480374065,1,2,2,0,1
34,Jamari,Jones,United Kingdom,Manchester,56,73.98772055,26.4909665,phD,1,0.100675326,0.537378097,0.875526237,0.38,0.38,0.38,0.915000966,0.796315367,0.562861504,-0.324901981,1,2,2,2,1
35,Allen,Wood,United Kingdom,Manchester,60,69.25783221,29.59801273,master,1,0.261553181,0.6407909,0.757807218,0.42,0.42,0.42,0.901472848,0.80153816,0.763731795,-0.218287168,1,2,2,2,1
36,Frederick,Robinson,United Kingdom,Manchester,75,68.5765691,25.52271325,master,1,0.055123375,0.675251435,0.778618715,0.57,0.57,0.57,0.939616641,0.869057842,0.767670245,-0.663803583,1,2,2,2,1
37,Cayden,Wright,United Kingdom,Manchester,21,71.63321632,27.86212201,bachelor,1,0.090520188,0.646192535,0.815819212,0.03,0.03,0.03,0.936108381,0.751474517,0.806737896,-0.086959129,1,2,2,1,1
38,Damian,Clark,United Kingdom,Manchester,60,67.62625946,22.99817198,primary,0,0.231957024,0.690887739,0.738986679,0.42,0.42,0.42,0,0,-0.226127245,-0.03886622,0,1,1,2,1
39,Marlon,Johnson,United Kingdom,Manchester,56,68.5036091,21.47539423,high_school,0,0.061095509,0.530480123,0.87854625,0.38,0.38,0.38,0,0,0.682378243,0.520585605,0,1,1,2,1
40,Russell,Green,United Kingdom,Manchester,59,68.88204745,12.78256772,bachelor,0,0.03445377,0.699780359,0.85763796,0.41,0.41,0.41,0,0,0.162535782,0.745106864,0,1,1,0,1
41,Drake,White,United Kingdom,Manchester,47,76.85639675,27.3637064,phD,0,0.074447624,0.672465006,0.978110145,0.29,0.29,0.29,0,0,0.170162729,-0.302635716,0,1,1,1,1
42,Judah,Brown,United Kingdom,Manchester,37,73.89621671,26.77159233,high_school,0,0.183084471,0.570967538,0.923750108,0.19,0.19,0.19,0,0,0.339242937,-0.597514409,0,1,1,1,1
43,Ricky,Jones,United Kingdom,Manchester,50,71.61907169,27.96807765,primary,0,0.21351945,0.607503732,0.809164327,0.32,0.32,0.32,0,0,-0.216633711,0.383035058,0,1,1,2,1
44,Zechariah,Williams,United Kingdom,Manchester,30,66.839406,27.85747595,high_school,0,0.203019975,0.667200752,0.952491261,0.12,0.12,0.12,0,0,-0.400889172,-0.906176582,0,1,1,0,1
45,Jesus,White,United Kingdom,Manchester,51,68.96142953,32.85131862,high_school,0,0.019376798,0.65029932,0.776400525,0.33,0.33,0.33,0,0,-0.365231485,0.9511953,0,1,1,1,1
46,Duncan,Williams,United Kingdom,Manchester,69,63.5678301,24.39721906,high_school,0,0.085180357,0.602093664,0.873573545,0.51,0.51,0.51,0,0,-0.806271735,0.908963662,0,1,1,1,1
47,Jeremias,Wright,United Kingdom,Manchester,25,68.36356654,24.44294947,bachelor,0,0.034736789,0.538924506,0.780461067,0.07,0.07,0.07,0,0,-0.879501274,0.882481291,0,1,1,0,1
48,Lochlan,Walker,United Kingdom,Manchester,52,72.14041721,29.62292714,master,0,0.168030373,0.60009895,0.921471362,0.34,0.34,0.34,0,0,-0.494775743,-0.817301604,0,1,1,1,1
49,Otto,Smith,United Kingdom,Manchester,43,68.6830872,15.86319572,master,0,0.109755337,0.685394503,0.980970249,0.25,0.25,0.25,0,0,0.2043203,0.032154106,0,1,1,2,1
50,Brennan,Johnson,United Kingdom,Manchester,88,65.46794548,26.03348934,high_school,0,0.225367142,0.674701812,0.9162419,0.7,0.7,0.7,0,0,0.721628983,-0.303883725,0,1,1,0,1
51,Uriah,Leroy,France,Paris,39,68.65801901,27.81233654,phD,1,0.170581762,0.549453714,0.471745167,0.21,0.21,0.21,0.964754137,0.915053913,-0.606828735,0.184166095,1,2,2,1,1
52,Tru,Vincent,France,Paris,30,69.70038172,27.80743862,phD,1,0.174685909,0.510312274,0.454389746,0.12,0.12,0.12,0.986453245,0.813776729,-0.44737802,-0.899430822,1,2,2,0,1
53,Odin,Robert,France,Paris,43,71.33765889,26.92288476,bachelor,1,0.051468551,0.585313763,0.662232973,0.25,0.25,0.25,0.975214894,0.883378451,0.868193936,-0.05073665,1,2,2,1,1
54,Brantley,Laurent,France,Paris,32,71.8883166,26.54847657,high_school,1,0.162782745,0.621560271,0.454521766,0.14,0.14,0.14,0.9075892,0.877351403,-0.073720461,0.097323762,1,2,2,2,1
55,Jase,Fournier,France,Paris,53,71.88590138,26.30263581,master,1,0.019745382,0.686721866,0.48720368,0.35,0.35,0.35,0.984389895,0.964845589,0.069556918,0.459476337,1,2,2,0,1
56,Jamari,Bernard,France,Paris,38,70.26092564,24.86492592,phD,1,0.030206206,0.682183381,0.518309661,0.2,0.2,0.2,0.969270122,0.853576472,0.69377449,0.377361663,1,2,2,0,1
57,Allen,Bonnet,France,Paris,67,74.6176675,30.22502498,master,1,0.257477437,0.611833997,0.441872726,0.49,0.49,0.49,0.953423248,0.824732741,0.293090637,0.823155074,1,2,2,2,1
58,Frederick,Leroy,France,Paris,21,69.04519255,23.63595599,master,1,0.052268284,0.555946109,0.56540786,0.03,0.03,0.03,0.911946381,0.793752417,-0.462495699,-0.824953759,1,2,2,0,1
59,Cayden,Moreau,France,Paris,48,68.98405205,27.2981445,bachelor,1,0.000302756,0.658058744,0.403219563,0.3,0.3,0.3,0.974861,0.846576735,-0.425266331,-0.423032921,1,2,2,2,1
60,Damian,Fournier,France,Paris,19,69.76421297,24.73037727,primary,1,0.214759987,0.612835132,0.468019027,0.01,0.01,0.01,0.974189334,0.854621624,-0.799115873,0.343285369,1,2,2,0,1
61,Marlon,Petit,France,Paris,76,68.14598818,24.83199053,high_school,1,0.055648722,0.518139137,0.633984775,0.58,0.58,0.58,0.915218016,0.827253112,-0.814506229,0.346894673,1,2,2,1,1
62,Russell,David,France,Paris,57,61.51051541,29.72805556,bachelor,1,0.090252836,0.590497974,0.589383045,0.39,0.39,0.39,0.922295284,0.890892021,-0.576708358,-0.2469748,1,2,2,1,1
63,Drake,Michel,France,Paris,20,67.85970571,18.35466206,phD,0,0.172392859,0.621570748,0.664019897,0.02,0.02,0.02,0,0,0.977492428,0.511351192,0,1,1,2,1
64,Judah,Thomas,France,Paris,59,68.99614039,17.72442263,high_school,0,0.281994624,0.58425957,0.483777965,0.41,0.41,0.41,0,0,0.948631183,0.576502648,0,1,1,1,1
65,Ricky,Bernard,France,Paris,43,66.82704043,29.80028562,primary,0,0.006950825,0.61409704,0.417941283,0.25,0.25,0.25,0,0,0.485688655,-0.274102835,0,1,1,1,1
66,Zechariah,Lef¨¨vre,France,Paris,41,67.66759395,20.92369009,high_school,0,0.19482861,0.655364298,0.559833495,0.23,0.23,0.23,0,0,-0.164825719,0.232508026,0,1,1,1,1
67,Jesus,Michel,France,Paris,43,68.18361143,20.91872921,high_school,0,0.010510753,0.682118759,0.470327928,0.25,0.25,0.25,0,0,0.779528854,0.785830154,0,1,1,0,1
68,Duncan,Martinez,France,Paris,52,66.77191266,26.25023488,high_school,0,0.232468822,0.613631385,0.429291287,0.34,0.34,0.34,0,0,-0.574762042,0.881910514,0,1,1,0,1
69,Jeremias,Mercier,France,Paris,62,73.62813582,20.9660274,bachelor,0,0.109675307,0.527988959,0.52192176,0.44,0.44,0.44,0,0,-0.507738579,-0.884138131,0,1,1,2,1
70,Lochlan,Lefebvre,France,Paris,70,74.72984075,30.17557655,master,0,0.025737624,0.694983539,0.427792833,0.52,0.52,0.52,0,0,-0.708429085,0.463636625,0,1,1,2,1
71,Otto,Mercier,France,Paris,28,71.50882709,30.69589262,master,0,0.117590282,0.660045948,0.495036356,0.1,0.1,0.1,0,0,0.471920469,-0.11334853,0,1,1,0,1
72,Brennan,Martinez,France,Paris,57,62.71078016,21.1436988,high_school,0,0.195172488,0.595018471,0.428337614,0.39,0.39,0.39,0,0,0.01213872,-0.281129856,0,1,1,1,1
73,Jamir,David,France,Paris,45,70.43751846,21.46457187,master,0,0.040728257,0.601378167,0.492763126,0.27,0.27,0.27,0,0,-0.925583285,-0.336122249,0,1,1,0,1
74,Sawyer,Lef¨¨vre,France,Paris,74,64.30443132,20.49236451,primary,0,0.114321923,0.692060514,0.512322313,0.56,0.56,0.56,0,0,-0.939993956,-0.842636011,0,1,1,1,1
75,Dexter,Dubois,France,Paris,56,69.42656225,31.37310248,phD,0,0.23416963,0.510968386,0.675003988,0.38,0.38,0.38,0,0,0.473548823,-0.299304138,0,1,1,2,1
76,Odin,Robert,France,Lyon,48,69.91872612,20.03059092,bachelor,1,0.24594707,0.628504512,0.561978621,0.3,0.3,0.3,0.920767093,0.853815319,-0.345015323,-0.037991649,1,2,2,1,1
77,Brantley,Laurent,France,Lyon,74,71.13666246,22.11688024,high_school,1,0.21835657,0.599419421,0.603902443,0.56,0.56,0.56,0.951483666,0.927608617,-0.237496404,-0.219554024,1,2,2,1,1
78,Jase,Fournier,France,Lyon,38,68.12232802,17.78115091,master,1,0.141294699,0.697675298,0.469911682,0.2,0.2,0.2,0.955087573,0.860855719,-0.761809475,0.893036234,1,2,2,1,1
79,Jamari,Bernard,France,Lyon,87,68.97580503,27.33867668,phD,1,0.211484928,0.535046704,0.696465335,0.69,0.69,0.69,0.972610123,0.909744004,-0.701720198,0.670826186,1,2,2,0,1
80,Allen,Bonnet,France,Lyon,55,73.07669461,26.60284246,master,1,0.044685367,0.684527381,0.636254469,0.37,0.37,0.37,0.998769064,0.99278319,-0.855918195,-0.453309675,1,2,2,0,1
81,Frederick,Leroy,France,Lyon,36,70.1387699,26.9278682,master,1,0.11502139,0.536537332,0.459986155,0.18,0.18,0.18,0.921671247,0.827473372,0.290671076,-0.931136888,1,2,2,1,1
82,Cayden,Moreau,France,Lyon,30,63.59748966,25.50445623,bachelor,1,0.093487299,0.57206727,0.403849997,0.12,0.12,0.12,0.902705808,0.737683176,-0.908060386,-0.727886792,1,2,2,2,1
83,Damian,Fournier,France,Lyon,43,69.17795059,20.58105166,primary,1,0.039594133,0.670459525,0.44434861,0.25,0.25,0.25,0.947670498,0.782085545,0.902865832,0.690833511,1,2,2,0,1
84,Marlon,Petit,France,Lyon,45,64.7769278,22.20805884,high_school,1,0.012300837,0.579439448,0.513798778,0.27,0.27,0.27,0.922480136,0.887310013,0.796559355,0.685643025,1,2,2,1,1
85,Russell,David,France,Lyon,27,76.52162884,30.83372449,bachelor,1,0.015852868,0.539999164,0.614254536,0.09,0.09,0.09,0.915950823,0.737205113,-0.76505076,0.123160747,1,2,2,2,1
86,Drake,Michel,France,Lyon,30,75.25904198,23.04535816,phD,1,0.292748619,0.558608446,0.472673594,0.12,0.12,0.12,0.932526664,0.746209482,-0.203008394,-0.669083669,1,2,2,0,1
87,Judah,Thomas,France,Lyon,47,71.10993898,24.44453601,high_school,1,0.11328858,0.589768889,0.41303475,0.29,0.29,0.29,0.945357391,0.776434702,-0.541648683,-0.376247891,1,2,2,0,1
88,Ricky,Bernard,France,Lyon,31,69.15098534,24.58604497,primary,0,0.09580221,0.521881915,0.443813654,0.13,0.13,0.13,0,0,-0.978082086,-0.852813816,0,1,1,0,1
89,Zechariah,Lef¨¨vre,France,Lyon,51,69.89546469,21.1700646,high_school,0,0.196859038,0.692690816,0.531897928,0.33,0.33,0.33,0,0,-0.830430676,0.534617397,0,1,1,1,1
90,Jesus,Michel,France,Lyon,42,72.77818326,28.0529789,high_school,0,0.217467364,0.598813773,0.645126037,0.24,0.24,0.24,0,0,0.876699583,0.558579151,0,1,1,0,1
91,Duncan,Martinez,France,Lyon,83,73.2329559,24.80543265,high_school,0,0.269285851,0.567014962,0.593881078,0.65,0.65,0.65,0,0,0.217813244,-0.862636019,0,1,1,0,1
92,Jeremias,Mercier,France,Lyon,22,73.88441119,22.55100386,bachelor,0,0.273584171,0.644650655,0.588735176,0.04,0.04,0.04,0,0,-0.663268622,-0.131178829,0,1,1,0,1
93,Lochlan,Lefebvre,France,Lyon,64,68.61306611,19.44830043,master,0,0.017101421,0.614520297,0.685896926,0.46,0.46,0.46,0,0,-0.961151322,-0.29554534,0,1,1,1,1
94,Otto,Mercier,France,Lyon,55,68.31821943,23.4766752,master,0,0.074199431,0.555863163,0.557559534,0.37,0.37,0.37,0,0,0.714029197,0.279412978,0,1,1,1,1
95,Brennan,Martinez,France,Lyon,32,72.24445239,25.08274799,high_school,0,0.116760737,0.697620739,0.486248716,0.14,0.14,0.14,0,0,-0.258599024,-0.146259013,0,1,1,2,1
96,Jamir,David,France,Lyon,22,73.74654429,29.20787262,master,0,0.09190102,0.633622904,0.564473875,0.04,0.04,0.04,0,0,-0.343528455,0.208336681,0,1,1,2,1
97,Sawyer,Lef¨¨vre,France,Lyon,24,70.47265632,25.97958859,primary,0,0.166795056,0.566861204,0.419565857,0.06,0.06,0.06,0,0,0.502966389,-0.881944675,0,1,1,1,1
98,Dexter,Dubois,France,Lyon,57,75.64212868,30.51424324,phD,0,0.072380231,0.697246282,0.408739661,0.39,0.39,0.39,0,0,0.35255082,0.290062623,0,1,1,0,1
99,Benson,Dupont,France,Lyon,38,65.73957029,24.49614113,phD,0,0.269645022,0.642757653,0.64567563,0.2,0.2,0.2,0,0,-0.605252681,0.795166644,0,1,1,1,1
100,Ethan,David,France,Lyon,25,63.20534431,28.38557269,primary,0,0.098484959,0.544948952,0.66878269,0.07,0.07,0.07,0,0,0.118935395,0.692710864,0,1,1,1,1
101,Jamari,M¨¹ller,Germany,Berlin,42,66.29148136,20.92533897,phD,1,0.268172394,0.670371672,0.359632959,0.24,0.24,0.24,0.916503344,0.838668543,0.320188295,-0.802995216,1,2,2,0,1
102,Allen,Becker,Germany,Berlin,34,71.48512061,24.29127222,master,1,0.27768447,0.602004373,0.237425824,0.16,0.16,0.16,0.920963185,0.763514217,-0.488836722,-0.553030721,1,2,2,2,1
103,Frederick,Meyer,Germany,Berlin,21,74.33666851,31.99356827,master,1,0.198300787,0.548565706,0.200614314,0.03,0.03,0.03,0.929942545,0.926460793,0.697230373,-0.523135348,1,2,2,0,1
104,Cayden,Meyer,Germany,Berlin,59,70.11523232,22.83624755,bachelor,1,0.081684004,0.526841047,0.179258614,0.41,0.41,0.41,0.931417122,0.773699069,0.410827533,0.737652404,1,2,2,2,1
105,Damian,Hoffmann,Germany,Berlin,35,67.82528832,26.96786896,primary,1,0.017013883,0.669911347,0.326655806,0.17,0.17,0.17,0.910700247,0.858362536,-0.594881302,0.617255856,1,2,2,0,1
106,Marlon,Fischer,Germany,Berlin,19,65.04884823,23.75724278,high_school,1,0.298404639,0.530734237,0.144979663,0.01,0.01,0.01,0.931405996,0.83696399,-0.787135712,-0.065373253,1,2,2,2,1
107,Russell,Schulz,Germany,Berlin,25,64.13287164,22.41711049,bachelor,1,0.276850745,0.642055177,0.10960656,0.07,0.07,0.07,0.93122987,0.821562791,0.227945795,-0.841181316,1,2,2,2,1
108,Drake,Wagner,Germany,Berlin,56,74.52658299,32.95735743,phD,1,0.146929668,0.597338512,0.126797325,0.38,0.38,0.38,0.932551525,0.892905846,0.202009077,-0.037667575,1,2,2,0,1
109,Judah,Schmidt,Germany,Berlin,41,68.4609625,20.33591069,high_school,1,0.018349072,0.540479421,0.278222042,0.23,0.23,0.23,0.973886304,0.914065498,-0.634652627,-0.289894056,1,2,2,0,1
110,Ricky,M¨¹ller,Germany,Berlin,40,66.14510976,23.34327535,primary,1,0.228508073,0.59962897,0.315583218,0.22,0.22,0.22,0.967954136,0.904981932,-0.221895845,-0.106807954,1,2,2,1,1
111,Zechariah,Schneider,Germany,Berlin,33,72.89003048,31.978867,high_school,1,0.08809316,0.505325427,0.213514933,0.15,0.15,0.15,0.909942569,0.759283545,-0.976752104,0.192168876,1,2,2,1,1
112,Jesus,Wagner,Germany,Berlin,50,70.42353317,26.39889526,high_school,1,0.131036775,0.593545019,0.176912126,0.32,0.32,0.32,0.91945482,0.889999689,-0.966996643,0.74397511,1,2,2,0,1
113,Duncan,Schneider,Germany,Berlin,52,71.88689338,26.93354664,high_school,0,0.293963972,0.506116725,0.34038687,0.34,0.34,0.34,0,0,-0.991750134,0.794905107,0,1,1,1,1
114,Jeremias,Meyer,Germany,Berlin,79,67.83513129,21.95516166,bachelor,0,0.275351132,0.583087567,0.333742048,0.61,0.61,0.61,0,0,-0.846259268,0.949555902,0,1,1,0,1
115,Lochlan,Wagner,Germany,Berlin,76,65.88590979,22.63074179,master,0,0.254445713,0.505220651,0.194930701,0.58,0.58,0.58,0,0,0.74948585,0.334821468,0,1,1,0,1
116,Otto,M¨¹ller,Germany,Berlin,70,64.99033625,30.05865595,master,0,0.022428377,0.665726002,0.261554517,0.52,0.52,0.52,0,0,0.982854478,0.294439961,0,1,1,1,1
117,Brennan,Fischer,Germany,Berlin,21,66.1407075,21.46025156,high_school,0,0.195778975,0.652739166,0.306982242,0.03,0.03,0.03,0,0,0.845131391,0.299107182,0,1,1,2,1
118,Jamir,Schulz,Germany,Berlin,42,67.37064445,32.05833621,master,0,0.181507122,0.525719061,0.209030897,0.24,0.24,0.24,0,0,-0.616966403,0.746376009,0,1,1,0,1
119,Sawyer,Schneider,Germany,Berlin,26,69.46130417,24.37803557,primary,0,0.214991514,0.691697203,0.106272985,0.08,0.08,0.08,0,0,0.168963154,-0.673253406,0,1,1,2,1
120,Dexter,Schmidt,Germany,Berlin,19,65.60321907,25.24649625,phD,0,0.004801439,0.663141285,0.150290357,0.01,0.01,0.01,0,0,-0.055055418,0.639387298,0,1,1,1,1
121,Benson,Meyer,Germany,Berlin,27,64.22933413,24.14159413,phD,0,0.273795467,0.535319648,0.127680404,0.09,0.09,0.09,0,0,-0.504042274,-0.442125202,0,1,1,2,1
122,Ethan,Schulz,Germany,Berlin,27,72.5872762,17.9313726,primary,0,0.050615693,0.594081611,0.159091575,0.09,0.09,0.09,0,0,0.127351473,-0.320011954,0,1,1,0,1
123,Robert,Fischer,Germany,Berlin,30,68.53178237,30.37257159,primary,0,0.000422043,0.617734064,0.335315258,0.12,0.12,0.12,0,0,0.662812342,0.396642649,0,1,1,2,1
124,Arturo,Schneider,Germany,Berlin,26,69.82654989,32.78640014,phD,0,0.19716658,0.677936315,0.397925748,0.08,0.08,0.08,0,0,0.670860502,0.439268885,0,1,1,0,1
125,Quentin,Weber,Germany,Berlin,55,70.69558818,25.23718178,phD,0,0.221179416,0.532208575,0.323866357,0.37,0.37,0.37,0,0,0.662362344,0.410375514,0,1,1,1,1
126,Frederick,Meyer,Germany,Munich,49,71.06195246,24.49972954,master,1,0.215302311,0.658413184,0.329228494,0.31,0.31,0.31,0.997483357,0.98088432,0.275828148,0.366342725,1,2,2,0,1
127,Cayden,Meyer,Germany,Munich,41,68.77896579,31.18608034,bachelor,1,0.026434597,0.583700791,0.2347582,0.23,0.23,0.23,0.92129129,0.776755417,0.696378881,-0.206349886,1,2,2,2,1
128,Damian,Hoffmann,Germany,Munich,28,68.89102534,24.92196642,primary,1,0.069000738,0.515485337,0.185417727,0.1,0.1,0.1,0.976884291,0.894770942,-0.294177036,0.87838293,1,2,2,0,1
129,Marlon,Fischer,Germany,Munich,88,69.14235288,24.33720461,high_school,1,0.163604263,0.560178409,0.358544237,0.7,0.7,0.7,0.948233601,0.770265998,-0.716922411,-0.156671818,1,2,2,0,1
130,Russell,Schulz,Germany,Munich,105,72.60680478,28.14764975,bachelor,1,0.181632434,0.53584089,0.326541419,0.87,0.87,0.87,0.956913969,0.863122664,-0.318886121,0.879910308,1,2,2,2,1
131,Drake,Wagner,Germany,Munich,19,71.20880628,29.36494693,phD,1,0.221891918,0.67853132,0.395526632,0.01,0.01,0.01,0.965709857,0.844528508,0.703061192,0.735248105,1,2,2,2,1
132,Judah,Schmidt,Germany,Munich,50,65.6248654,25.51749717,high_school,1,0.004336836,0.673523599,0.296971939,0.32,0.32,0.32,0.942861729,0.877135672,0.161007042,0.134181185,1,2,2,1,1
133,Ricky,M¨¹ller,Germany,Munich,71,70.25681562,16.16257412,primary,1,0.196055961,0.521611338,0.178494837,0.53,0.53,0.53,0.981436795,0.86992184,0.047609942,0.835239202,1,2,2,1,1
134,Zechariah,Schneider,Germany,Munich,42,68.06225193,28.68041183,high_school,1,0.064184647,0.692629366,0.107436305,0.24,0.24,0.24,0.939091916,0.763993757,-0.941340134,-0.484346729,1,2,2,1,1
135,Jesus,Wagner,Germany,Munich,72,70.51646606,25.39119985,high_school,1,0.102422761,0.65090694,0.298831337,0.54,0.54,0.54,0.918637151,0.805510556,-0.979351597,0.346054182,1,2,2,1,1
136,Duncan,Schneider,Germany,Munich,41,68.60701899,25.55834193,high_school,1,0.046608748,0.655665145,0.285399668,0.23,0.23,0.23,0.970560452,0.786466482,-0.194270979,-0.157906806,1,2,2,2,1
137,Jeremias,Meyer,Germany,Munich,21,68.3930309,31.45101533,bachelor,1,0.148893967,0.660724268,0.252332607,0.03,0.03,0.03,0.980645964,0.827915147,0.241174804,0.344939747,1,2,2,2,1
138,Lochlan,Wagner,Germany,Munich,72,66.97793264,23.01362429,master,0,0.076546272,0.664987093,0.3346046,0.54,0.54,0.54,0,0,0.572708841,0.295472099,0,1,1,0,1
139,Otto,M¨¹ller,Germany,Munich,44,65.33695195,30.50351975,master,0,0.18788241,0.683315693,0.215478815,0.26,0.26,0.26,0,0,-0.728219569,-0.317629203,0,1,1,0,1
140,Brennan,Fischer,Germany,Munich,42,66.78645316,27.59139937,high_school,0,0.085656517,0.603921027,0.241517524,0.24,0.24,0.24,0,0,-0.158035008,0.488840594,0,1,1,0,1
141,Jamir,Schulz,Germany,Munich,85,67.95702462,30.42384684,master,0,0.035676977,0.690012609,0.316432135,0.67,0.67,0.67,0,0,0.756050004,0.154752957,0,1,1,0,1
142,Sawyer,Schneider,Germany,Munich,32,68.36057035,27.53427994,primary,0,0.098695996,0.692641122,0.295009215,0.14,0.14,0.14,0,0,0.322207783,0.767617018,0,1,1,2,1
143,Dexter,Schmidt,Germany,Munich,29,67.52607284,32.27074809,phD,0,0.089134432,0.67642261,0.240791889,0.11,0.11,0.11,0,0,-0.988738882,-0.26109573,0,1,1,2,1
144,Benson,Meyer,Germany,Munich,31,71.18646812,27.62146772,phD,0,0.088605848,0.559283082,0.146397515,0.13,0.13,0.13,0,0,-0.730370711,-0.906366552,0,1,1,0,1
145,Ethan,Schulz,Germany,Munich,29,71.76036532,27.74205973,primary,0,0.29826821,0.675652172,0.17956381,0.11,0.11,0.11,0,0,-0.556466544,-0.651494879,0,1,1,1,1
146,Robert,Fischer,Germany,Munich,46,69.38428558,23.80060443,primary,0,0.177358994,0.608372777,0.229779461,0.28,0.28,0.28,0,0,-0.73298663,0.470375471,0,1,1,1,1
147,Arturo,Schneider,Germany,Munich,51,69.18032995,20.91480671,phD,0,0.259327666,0.582228607,0.117320884,0.33,0.33,0.33,0,0,-0.300335181,0.286233227,0,1,1,0,1
148,Quentin,Weber,Germany,Munich,118,68.51202197,25.63204363,phD,0,0.192610256,0.678507936,0.23987051,1,1,1,0,0,-0.381517504,0.339740657,0,1,1,2,1
149,Dexter,Weber,Germany,Munich,47,72.6307112,24.74942836,phD,0,0.294770303,0.526361551,0.290622381,0.29,0.29,0.29,0,0,0.72920045,0.363361325,0,1,1,1,1
150,Kane,M¨¹ller,Germany,Munich,65,68.56868377,24.21299101,bachelor,0,0.147084773,0.592881918,0.238084743,0.47,0.47,0.47,0,0,-0.733801733,0.581506843,0,1,1,0,1
151,Marlon,D¨ªaz,Spain,Madrid,103,69.50834409,29.87033695,high_school,1,0.142581939,0.545152644,-0.053610306,0.85,0.85,0.85,0.903153791,0.77181614,0.39986683,-0.489812756,1,2,2,1,1
152,Russell,Su¨¢rez,Spain,Madrid,95,71.80177026,27.01831654,bachelor,1,0.081291628,0.675817985,0.057352981,0.77,0.77,0.77,0.914471406,0.89586129,0.444306693,0.888165081,1,2,2,2,1
153,Drake,Ramos,Spain,Madrid,64,67.11686063,25.03236901,phD,1,0.072017859,0.698013372,-0.046818134,0.46,0.46,0.46,0.900916229,0.880075651,0.436137843,-0.315160232,1,2,2,1,1
154,Judah,P¨¦rez,Spain,Madrid,31,75.80166216,31.10154337,high_school,1,0.272506981,0.648355289,-0.01874523,0.13,0.13,0.13,0.926541011,0.844310829,0.658856825,0.823570594,1,2,2,1,1
155,Ricky,Gonz¨¢lez,Spain,Madrid,47,69.6857638,26.65995204,primary,1,0.144308106,0.640855031,0.039392786,0.29,0.29,0.29,0.919168721,0.820220954,0.183098353,0.50532149,1,2,2,0,1
156,Zechariah,G¨®mez,Spain,Madrid,28,69.6450369,21.09508574,high_school,1,0.19625822,0.622869191,0.023393322,0.1,0.1,0.1,0.949023182,0.926449019,0.631313525,-0.996347728,1,2,2,2,1
157,Jesus,Ramos,Spain,Madrid,21,71.24469366,23.91933309,high_school,1,0.279490234,0.582327255,0.008848074,0.03,0.03,0.03,0.987572029,0.795711699,0.355414686,0.38802298,1,2,2,1,1
158,Duncan,Mart¨ªn,Spain,Madrid,34,71.23599767,28.11375785,high_school,1,0.159057231,0.602514482,-0.006518514,0.16,0.16,0.16,0.961876269,0.802119618,-0.323064887,-0.36094594,1,2,2,2,1
159,Jeremias,Guti¨¦rrez,Spain,Madrid,24,66.4601269,30.1074269,bachelor,1,0.053984503,0.632843077,-0.110596062,0.06,0.06,0.06,0.934422848,0.843090069,-0.879987274,-0.75622459,1,2,2,2,1
160,Lochlan,V¨¢zquez,Spain,Madrid,43,63.67744812,26.28425393,master,1,0.212495422,0.681926503,0.04520533,0.25,0.25,0.25,0.995991442,0.90700542,0.221997935,0.284408563,1,2,2,1,1
161,Otto,Garc¨ªa,Spain,Madrid,44,71.65492278,32.12354469,master,1,0.238573759,0.523010176,-0.123323603,0.26,0.26,0.26,0.91132982,0.849239588,-0.820384606,-0.716444697,1,2,2,0,1
162,Brennan,Jim¨¦nez,Spain,Madrid,35,67.32600174,23.0035706,high_school,1,0.280667199,0.601326047,-0.082604857,0.17,0.17,0.17,0.932793305,0.764001961,0.364562241,0.1380158,1,2,2,2,1
163,Jamir,Su¨¢rez,Spain,Madrid,52,73.88326311,25.366108,master,0,0.129629687,0.525235185,0.08112167,0.34,0.34,0.34,0,0,-0.736031505,-0.51083079,0,1,1,0,1
164,Sawyer,Mart¨ªn,Spain,Madrid,27,68.10074557,20.94015055,primary,0,0.037686424,0.54705387,-0.030851773,0.09,0.09,0.09,0,0,-0.55089294,-0.787302492,0,1,1,2,1
165,Dexter,L¨®pez,Spain,Madrid,27,65.42800933,27.45730161,phD,0,0.204702739,0.66649584,0.057777344,0.09,0.09,0.09,0,0,0.40821378,0.353886373,0,1,1,0,1
166,Benson,Guti¨¦rrez,Spain,Madrid,20,72.55577771,30.22770336,phD,0,0.236530386,0.639376048,-0.062827728,0.02,0.02,0.02,0,0,0.088293306,0.446950328,0,1,1,0,1
167,Ethan,Su¨¢rez,Spain,Madrid,21,71.03237925,24.37476575,primary,0,0.013158288,0.522424659,-0.132036383,0.03,0.03,0.03,0,0,-0.821716264,0.828801919,0,1,1,0,1
168,Robert,D¨ªaz,Spain,Madrid,24,64.95697686,26.30654575,primary,0,0.243357473,0.632149065,0.026464343,0.06,0.06,0.06,0,0,-0.010673649,-0.634751428,0,1,1,0,1
169,Arturo,Ruiz,Spain,Madrid,67,70.53145288,25.050403,phD,0,0.251113673,0.514972618,-0.071775824,0.49,0.49,0.49,0,0,0.457811844,-0.773897069,0,1,1,2,1
170,Quentin,Dom¨ªnguez,Spain,Madrid,51,69.26511421,26.91816625,phD,0,0.02070167,0.507080924,0.012907896,0.33,0.33,0.33,0,0,0.839500898,0.919936457,0,1,1,1,1
171,Dexter,Torres,Spain,Madrid,105,67.50103424,25.30142779,phD,0,0.18554119,0.671527936,-0.171256497,0.87,0.87,0.87,0,0,-0.371680398,-0.110931966,0,1,1,1,1
172,Kane,Rodr¨ªguez,Spain,Madrid,52,69.89585022,22.09584393,bachelor,0,0.031913861,0.630691735,0.031070351,0.34,0.34,0.34,0,0,0.835900715,0.994963955,0,1,1,2,1
173,Chaim,Mar¨ªn,Spain,Madrid,81,68.67357194,27.62781032,phD,0,0.155558856,0.602375913,0.041699402,0.63,0.63,0.63,0,0,0.760235079,0.246564773,0,1,1,1,1
174,Sam,Ramos,Spain,Madrid,67,73.60347986,31.12260888,master,0,0.039077047,0.694759624,-0.153764873,0.49,0.49,0.49,0,0,0.667294612,-0.209963222,0,1,1,1,1
175,Oscar,Mu?oz,Spain,Madrid,21,65.45117996,21.167045,high_school,0,0.172372693,0.621659157,-0.082916536,0.03,0.03,0.03,0,0,-0.768324366,0.889399883,0,1,1,0,1
176,Drake,Ramos,Spain,Barcelona,70,63.37381554,28.23813547,phD,1,0.08366283,0.627211734,-0.004689955,0.52,0.52,0.52,0.948475015,0.83625002,0.615690002,-0.87229942,1,2,2,1,1
177,Judah,P¨¦rez,Spain,Barcelona,19,72.88892454,23.83941264,high_school,1,0.146502706,0.583989603,-0.076737905,0.01,0.01,0.01,0.921294559,0.897807742,0.418598361,-0.423036053,1,2,2,0,1
178,Ricky,Gonz¨¢lez,Spain,Barcelona,48,66.48638699,17.97605402,primary,1,0.186398668,0.6273277,-0.149911244,0.3,0.3,0.3,0.994443823,0.922986493,-0.012623393,-0.784305317,1,2,2,0,1
179,Zechariah,G¨®mez,Spain,Barcelona,76,65.38353723,22.7988138,high_school,1,0.234676956,0.68874211,-0.177307594,0.58,0.58,0.58,0.985593926,0.985267675,0.775795309,-0.953265761,1,2,2,0,1
180,Jesus,Ramos,Spain,Barcelona,32,68.2018267,24.76461936,high_school,1,0.138795271,0.649163016,-0.129812695,0.14,0.14,0.14,0.980266945,0.887594784,-0.088797736,-0.35640917,1,2,2,0,1
181,Duncan,Mart¨ªn,Spain,Barcelona,49,68.11664844,28.78101921,high_school,1,0.044494211,0.657529967,-0.164505156,0.31,0.31,0.31,0.990913441,0.830796641,0.524152768,0.914915894,1,2,2,0,1
182,Jeremias,Guti¨¦rrez,Spain,Barcelona,49,67.98230002,27.69469661,bachelor,1,0.099228741,0.698042443,-0.094721758,0.31,0.31,0.31,0.92525744,0.856386582,0.748806451,0.942993799,1,2,2,2,1
183,Lochlan,V¨¢zquez,Spain,Barcelona,55,73.59585039,25.06783121,master,1,0.125670729,0.692564121,0.09360823,0.37,0.37,0.37,0.90255127,0.775652607,0.871012422,-0.8630128,1,2,2,1,1
184,Otto,Garc¨ªa,Spain,Barcelona,54,70.69315689,21.93970842,master,1,0.102344006,0.546150976,0.059357187,0.36,0.36,0.36,0.921693614,0.874001322,0.397505237,0.227254264,1,2,2,0,1
185,Brennan,Jim¨¦nez,Spain,Barcelona,37,73.27776268,16.89186056,high_school,1,0.061902682,0.665410225,-0.069113534,0.19,0.19,0.19,0.94814869,0.930053109,-0.142977192,-0.152322286,1,2,2,1,1
186,Jamir,Su¨¢rez,Spain,Barcelona,47,72.4776335,26.85813421,master,1,0.294774782,0.698775827,0.043126845,0.29,0.29,0.29,0.943052559,0.863597634,-0.233027371,0.728061234,1,2,2,0,1
187,Sawyer,Mart¨ªn,Spain,Barcelona,50,73.35499859,17.27831708,primary,1,0.104881614,0.629432507,-0.019737048,0.32,0.32,0.32,0.947883926,0.811737229,-0.664020091,0.069447684,1,2,2,1,1
188,Dexter,L¨®pez,Spain,Barcelona,50,67.99943413,21.17244845,phD,0,0.000468285,0.51758405,0.005972737,0.32,0.32,0.32,0,0,-0.636789084,-0.717859004,0,1,1,1,1
189,Benson,Guti¨¦rrez,Spain,Barcelona,33,72.69213754,15.08868249,phD,0,0.073822635,0.68145607,-0.125756066,0.15,0.15,0.15,0,0,-0.871647493,-0.113661587,0,1,1,2,1
190,Ethan,Su¨¢rez,Spain,Barcelona,55,69.758534,19.87297219,primary,0,0.231832201,0.54826708,-0.140131876,0.37,0.37,0.37,0,0,0.45864726,-0.820980964,0,1,1,1,1
191,Robert,D¨ªaz,Spain,Barcelona,75,68.15167514,15.73688087,primary,0,0.216519445,0.658606988,0.059707204,0.57,0.57,0.57,0,0,-0.801256477,0.800084975,0,1,1,0,1
192,Arturo,Ruiz,Spain,Barcelona,38,72.72158177,25.41285466,phD,0,0.141720599,0.518238923,-0.018538773,0.2,0.2,0.2,0,0,0.547967242,0.048927737,0,1,1,2,1
193,Quentin,Dom¨ªnguez,Spain,Barcelona,50,70.30660361,17.91836345,phD,0,0.014422743,0.607009101,-0.143838007,0.32,0.32,0.32,0,0,-0.579707337,0.719397562,0,1,1,1,1
194,Dexter,Torres,Spain,Barcelona,83,71.17282239,22.98155007,phD,0,0.100825752,0.679762585,0.00716262,0.65,0.65,0.65,0,0,-0.089318923,0.520399564,0,1,1,2,1
195,Kane,Rodr¨ªguez,Spain,Barcelona,31,74.84950973,29.46327553,bachelor,0,0.273993679,0.622831155,-0.167315979,0.13,0.13,0.13,0,0,-0.863331254,-0.30401703,0,1,1,2,1
196,Chaim,Mar¨ªn,Spain,Barcelona,52,66.98833509,24.41150002,phD,0,0.042135537,0.539060763,0.047843538,0.34,0.34,0.34,0,0,0.809997816,-0.235083232,0,1,1,2,1
197,Sam,Ramos,Spain,Barcelona,40,66.72352367,22.89262592,master,0,0.027664187,0.643225466,-0.153028615,0.22,0.22,0.22,0,0,-0.941942574,0.520409629,0,1,1,2,1
198,Oscar,Mu?oz,Spain,Barcelona,28,64.83472514,22.6141227,high_school,0,0.135640676,0.645402547,-0.161536461,0.1,0.1,0.1,0,0,0.164010778,-0.505092328,0,1,1,2,1
199,Adan,Ortiz,Spain,Barcelona,72,69.80346067,27.59529316,master,0,0.006456659,0.673635004,-0.096735471,0.54,0.54,0.54,0,0,0.613535426,-0.019587947,0,1,1,0,1
200,Clark,Torres,Spain,Barcelona,49,68.59487571,28.78424191,master,0,0.273688848,0.542368673,-0.086814572,0.31,0.31,0.31,0,0,-0.182088729,0.3894361,0,1,1,1,1
201,Zechariah,Montanari,Italy,Milan,47,67.63297544,25.62068765,high_school,1,0.248380691,0.689655893,-0.266452338,0.29,0.29,0.29,0.903714439,0.761251796,0.07173461,-0.764968289,1,2,2,0,1
202,Jesus,Grasso,Italy,Milan,44,74.51662823,24.6054992,high_school,1,0.047088299,0.656575759,-0.433652777,0.26,0.26,0.26,0.916369216,0.904411676,-0.083639803,0.157724802,1,2,2,0,1
203,Duncan,Rizzo,Italy,Milan,64,69.46566725,20.39797729,high_school,1,0.262139252,0.525055136,-0.329474191,0.46,0.46,0.46,0.972850647,0.885345817,0.272496564,0.088962701,1,2,2,1,1
204,Jeremias,Ferretti,Italy,Milan,18,72.01201525,24.5337406,bachelor,1,0.293453114,0.517585754,-0.21847619,0,0,0,0.953308572,0.866006403,-0.225909681,-0.902737682,1,2,2,0,1
205,Lochlan,Fabbri,Italy,Milan,43,77.79813246,25.83763551,master,1,0.229774842,0.500623028,-0.464722664,0.25,0.25,0.25,0.959222056,0.826786673,0.157461756,0.153335021,1,2,2,1,1
206,Otto,Valente,Italy,Milan,61,71.35819395,23.49027736,master,1,0.232009695,0.641648823,-0.324470724,0.43,0.43,0.43,0.973247325,0.83490109,-0.842225858,0.628612469,1,2,2,1,1
207,Brennan,Santoro,Italy,Milan,25,71.26904492,28.29085328,high_school,1,0.035965066,0.559105414,-0.427715376,0.07,0.07,0.07,0.970725157,0.88794009,0.348151904,-0.658075332,1,2,2,0,1
208,Jamir,Carbone,Italy,Milan,66,66.01949992,27.21197795,master,1,0.071222474,0.585012288,-0.422751199,0.48,0.48,0.48,0.998743102,0.921210185,-0.367675735,-0.770933927,1,2,2,2,1
209,Sawyer,Castelli,Italy,Milan,25,70.8905058,24.8954717,primary,1,0.142452253,0.649880849,-0.267334306,0.07,0.07,0.07,0.928509238,0.865379582,0.185483117,0.04096185,1,2,2,1,1
210,Dexter,Greco,Italy,Milan,56,70.35660305,28.71755998,phD,1,0.056294175,0.576129345,-0.250719035,0.38,0.38,0.38,0.970374853,0.789756369,0.008723177,-0.011906234,1,2,2,2,1
211,Benson,Marchetti,Italy,Milan,85,68.76194978,16.10987145,phD,1,0.250530644,0.551949574,-0.498738303,0.67,0.67,0.67,0.973676365,0.872632785,-0.495361369,0.989660545,1,2,2,1,1
212,Ethan,Valentini,Italy,Milan,28,73.03116265,22.06180196,primary,1,0.117136577,0.566076423,-0.498334545,0.1,0.1,0.1,0.923248554,0.764597829,-0.117461757,0.116333697,1,2,2,2,1
213,Robert,Leone,Italy,Milan,54,70.61121984,26.79714281,primary,0,0.192978151,0.581455648,-0.398106052,0.36,0.36,0.36,0,0,-0.631209531,0.886069196,0,1,1,1,1
214,Arturo,Fontana,Italy,Milan,78,68.91779605,31.58894842,phD,0,0.118879153,0.645176699,-0.277893172,0.6,0.6,0.6,0,0,0.96241211,-0.528205997,0,1,1,0,1
215,Quentin,Parisi,Italy,Milan,48,70.44225215,23.50839902,phD,0,0.291160569,0.598231089,-0.314369082,0.3,0.3,0.3,0,0,0.740044959,0.760735881,0,1,1,2,1
216,Dexter,Lombardo,Italy,Milan,57,70.30447971,22.40934812,phD,0,0.097416117,0.574940721,-0.332836219,0.39,0.39,0.39,0,0,-0.992800543,0.762293658,0,1,1,0,1
217,Kane,Bruno,Italy,Milan,57,70.62122427,20.03895924,bachelor,0,0.258186621,0.690128093,-0.226074186,0.39,0.39,0.39,0,0,0.291204289,-0.577312067,0,1,1,0,1
218,Chaim,Cattaneo,Italy,Milan,49,66.35789446,26.23949373,phD,0,0.261686766,0.582298121,-0.219650383,0.31,0.31,0.31,0,0,-0.125107117,0.479387223,0,1,1,1,1
219,Sam,Grasso,Italy,Milan,27,65.81697991,21.21952804,master,0,0.190189508,0.570858133,-0.290792843,0.09,0.09,0.09,0,0,-0.27414334,-0.556806276,0,1,1,1,1
220,Oscar,Serra,Italy,Milan,62,72.7589473,23.594223,high_school,0,0.022071436,0.6419707,-0.497173029,0.44,0.44,0.44,0,0,-0.057812662,-0.734989069,0,1,1,2,1
221,Adan,Giuliani,Italy,Milan,47,70.66476337,25.30027001,master,0,0.281061113,0.57868652,-0.355494744,0.29,0.29,0.29,0,0,-0.392281815,-0.638287144,0,1,1,2,1
222,Clark,Lombardo,Italy,Milan,67,68.58341652,27.25780445,master,0,0.050418681,0.631633415,-0.213883758,0.49,0.49,0.49,0,0,0.210040185,-0.565373389,0,1,1,0,1
223,Sam,Costa,Italy,Milan,29,71.46773803,30.21919019,primary,0,0.024304756,0.69781078,-0.308997497,0.11,0.11,0.11,0,0,0.549437464,0.087537017,0,1,1,0,1
224,Lincoln,De Santis,Italy,Milan,43,70.44430758,21.81973312,primary,0,0.256769931,0.542165358,-0.264426422,0.25,0.25,0.25,0,0,-0.234237386,0.442993043,0,1,1,1,1
225,Johnathan,Martino,Italy,Milan,89,68.14282869,25.987011,master,0,0.054964771,0.671786621,-0.448134227,0.71,0.71,0.71,0,0,-0.693357482,-0.92864504,0,1,1,0,1
226,Duncan,Rizzo,Italy,Rome,54,64.8172289,18.55820351,high_school,1,0.009731177,0.622310698,-0.235191683,0.36,0.36,0.36,0.981734084,0.934999151,0.226529777,0.289360892,1,2,2,2,1
227,Jeremias,Ferretti,Italy,Rome,33,69.71001431,18.49398414,bachelor,1,0.259940814,0.582908047,-0.34764262,0.15,0.15,0.15,0.980612087,0.979927659,0.091130404,-0.74411903,1,2,2,1,1
228,Lochlan,Fabbri,Italy,Rome,23,64.48909933,29.08785344,master,1,0.277048964,0.533392559,-0.403327941,0.05,0.05,0.05,0.969600158,0.776636166,0.129264166,0.639747272,1,2,2,1,1
229,Otto,Valente,Italy,Rome,21,68.11276745,31.64617206,master,1,0.104596465,0.671786387,-0.213497233,0.03,0.03,0.03,0.961365978,0.884092142,-0.654348256,0.818698041,1,2,2,2,1
230,Brennan,Santoro,Italy,Rome,70,70.20570945,27.22933544,high_school,1,0.107271217,0.58354417,-0.251427913,0.52,0.52,0.52,0.995759922,0.854663452,0.111378948,-0.312635837,1,2,2,2,1
231,Jamir,Carbone,Italy,Rome,57,64.70324917,28.89491291,master,1,0.21853582,0.6833907,-0.468320949,0.39,0.39,0.39,0.977480151,0.796533544,0.048090109,-0.536381789,1,2,2,2,1
232,Sawyer,Castelli,Italy,Rome,35,73.24434816,24.91702712,primary,1,0.217708392,0.673476123,-0.383006915,0.17,0.17,0.17,0.945278649,0.902130181,0.222976541,-0.237567568,1,2,2,0,1
233,Dexter,Greco,Italy,Rome,46,68.1239422,25.4406266,phD,1,0.085282307,0.515843676,-0.315482229,0.28,0.28,0.28,0.913611972,0.890553833,-0.68286301,-0.249994318,1,2,2,1,1
234,Benson,Marchetti,Italy,Rome,29,72.29708164,30.86136455,phD,1,0.01761361,0.6336028,-0.389379304,0.11,0.11,0.11,0.996730715,0.98591819,-0.687712587,-0.992888689,1,2,2,2,1
235,Ethan,Valentini,Italy,Rome,83,70.47438483,30.80309183,primary,1,0.038609642,0.584013758,-0.215265427,0.65,0.65,0.65,0.996529433,0.806214476,-0.029631281,-0.523846534,1,2,2,1,1
236,Robert,Leone,Italy,Rome,52,71.35540908,25.74242244,primary,1,0.08172222,0.611405003,-0.444624748,0.34,0.34,0.34,0.9117433,0.734548407,0.058885926,0.377825497,1,2,2,1,1
237,Arturo,Fontana,Italy,Rome,59,67.63966856,25.52428012,phD,1,0.005865023,0.510509822,-0.22357946,0.41,0.41,0.41,0.987442846,0.874476851,0.642611406,0.119463471,1,2,2,2,1
238,Quentin,Parisi,Italy,Rome,30,70.69289863,23.13036812,phD,0,0.218609699,0.539193001,-0.436472222,0.12,0.12,0.12,0,0,-0.577759226,0.097231089,0,1,1,2,1
239,Dexter,Lombardo,Italy,Rome,52,69.99596731,23.88849152,phD,0,0.115054625,0.500635517,-0.20341391,0.34,0.34,0.34,0,0,-0.265149075,0.259934646,0,1,1,1,1
240,Kane,Bruno,Italy,Rome,78,67.31840298,22.65366926,bachelor,0,0.160667476,0.5196113,-0.466464649,0.6,0.6,0.6,0,0,0.753250857,0.90862167,0,1,1,0,1
241,Chaim,Cattaneo,Italy,Rome,74,70.30129843,25.78283845,phD,0,0.075741402,0.655826408,-0.320036398,0.56,0.56,0.56,0,0,-0.265671361,0.357482917,0,1,1,2,1
242,Sam,Grasso,Italy,Rome,52,72.61859742,21.42584003,master,0,0.112907459,0.565146499,-0.376480632,0.34,0.34,0.34,0,0,-0.236734486,0.099352222,0,1,1,2,1
243,Oscar,Serra,Italy,Rome,45,70.79199018,25.04310061,high_school,0,0.210504434,0.570496865,-0.3508668,0.27,0.27,0.27,0,0,0.080905157,-0.247930279,0,1,1,1,1
244,Adan,Giuliani,Italy,Rome,20,73.22145985,23.53891587,master,0,0.263562199,0.666227369,-0.221541033,0.02,0.02,0.02,0,0,0.868588847,0.558802082,0,1,1,2,1
245,Clark,Lombardo,Italy,Rome,68,68.48775481,18.34128279,master,0,0.248746718,0.541462972,-0.459640115,0.5,0.5,0.5,0,0,0.924598676,-0.203525935,0,1,1,2,1
246,Sam,Costa,Italy,Rome,60,73.76174614,25.53017663,primary,0,0.153703631,0.694466135,-0.482228966,0.42,0.42,0.42,0,0,0.188050278,0.941383006,0,1,1,0,1
247,Lincoln,De Santis,Italy,Rome,20,71.00275307,26.35694335,primary,0,0.252510661,0.511796967,-0.487696843,0.02,0.02,0.02,0,0,-0.384265111,0.379250131,0,1,1,0,1
248,Johnathan,Martino,Italy,Rome,59,69.89189355,24.00063877,master,0,0.089548459,0.506928286,-0.349735106,0.41,0.41,0.41,0,0,0.781693699,-0.70858832,0,1,1,1,1
249,Kairo,Grasso,Italy,Rome,64,74.86089924,24.07974693,bachelor,0,0.187142142,0.641138485,-0.30777548,0.46,0.46,0.46,0,0,-0.910873419,0.117953372,0,1,1,1,1
250,Avi,Greco,Italy,Rome,21,68.37178918,24.72598509,primary,0,0.085687712,0.594496382,-0.311446725,0.03,0.03,0.03,0,0,-0.795437833,-0.336906768,0,1,1,1,1
